2020.07.28.13.07.42,SD31164544,Subasherw,dunga,lobe,Dubey,Pandey,ashish,abhishek,323M/43M/fbbfjs,Koramnagala, 5th cross,342352,Rao58707@gmail.com,3310001000,Mybank,Mybranch,556639164290,PANQT3516T,SBIN0000444,29PANQT3516T1Z1,112247997784,OsbornDYGCO,Welcome@123,Welcome@123
2020.07.28.13.14.53,SD31164544,Subasherw,dunga,lobe,Dubey,Pandey,ashish,abhishek,323M/43M/fbbfjs,Koramnagala, 5th cross,342352,Kim47527@live.com,4417049723,Mybank,Mybranch,556662572527,PANQO4229F,SBIN0000444,29PANQO4229F1Z1,112214365676,PaajiTBIBU,Welcome@123,Welcome@123
2020.07.28.13.15.32,SD98312394,Subasheer,dungaq,lobe,Dubeyw,Pandey,ashish,abhisheed,323M/43M/fbbfjs,Koramnagala, 5th cross,342352,Paaji40735@outlook.com,4421168123,Mybank,Mybranch,556630558475,PANQY6379V,SBIN0000445,29PANQY6379V1Z1,112277365988,JohnJEAWM,Welcome@123,Welcome@123
2020.07.28.13.16.13,SD64282021,Subashefr,dungaw,lobe,Dubeye,Pandey,ashish,abhishekw,323M/43M/fbbfjs,Koramnagala, 5th cross,342352,Abdul69095@bt.com,4468622025,Mybank,Mybranch,556691659630,PANQJ7606S,SBIN0000446,29PANQJ7606S1Z1,112223969893,BhaiQVQBX,Welcome@123,Welcome@123
2020.07.28.13.16.51,SD58976600,Subashere,dungaw,lobe,Dubeys,Pandey,ashish,abhishekw,323M/43M/fbbfjs,Koramnagala, 5th cross,342352,Ching13576@hotmail.com,4467498157,Mybank,Mybranch,556635308380,PANQM3883I,SBIN0000447,29PANQM3883I1Z1,112277673383,KhanZFYKA,Welcome@123,Welcome@123
2020.07.28.13.17.28,SD31164544,Subasherw,dunga,lobe,Dubey,Pandey,ashish,abhishek,323M/43M/fbbfjs,Koramnagala, 5th cross,342352,Paaji59352@outlook.com,4486728049,Mybank,Mybranch,556691199920,PANQJ4175T,SBIN0000444,29PANQJ4175T1Z1,112225967175,KimUVILO,Welcome@123,Welcome@123
2020.07.28.13.18.08,SD98312394,Subasheer,dungaq,lobe,Dubeyw,Pandey,ashish,abhisheed,323M/43M/fbbfjs,Koramnagala, 5th cross,342352,Green87435@yahoo.co.uk,4456587668,Mybank,Mybranch,556643977787,PANQG4410T,SBIN0000445,29PANQG4410T1Z1,112239222419,PingZTPTT,Welcome@123,Welcome@123
2020.07.28.13.18.47,SD64282021,Subashefr,dungaw,lobe,Dubeye,Pandey,ashish,abhishekw,323M/43M/fbbfjs,Koramnagala, 5th cross,342352,Khan35562@hotmail.com,4428135262,Mybank,Mybranch,556621391497,PANQK7172W,SBIN0000446,29PANQK7172W1Z1,112257772151,ShaikVUUFG,Welcome@123,Welcome@123
2020.07.28.13.19.24,SD58976600,Subashere,dungaw,lobe,Dubeys,Pandey,ashish,abhishekw,323M/43M/fbbfjs,Koramnagala, 5th cross,342352,Bhai78240@outlook.com,4429594242,Mybank,Mybranch,556630707829,PANQQ3252V,SBIN0000447,29PANQQ3252V1Z1,112287527339,ChingKHMIN,Welcome@123,Welcome@123
2020.07.28.13.20.03,SD31164544,Subasherw,dunga,lobe,Dubey,Pandey,ashish,abhishek,323M/43M/fbbfjs,Koramnagala, 5th cross,342352,Ping96724@aol.com,4421748441,Mybank,Mybranch,556621837219,PANQQ7742R,SBIN0000444,29PANQQ7742R1Z1,112232698138,PaajiGJEEI,Welcome@123,Welcome@123
2020.07.28.13.20.44,SD98312394,Subasheer,dungaq,lobe,Dubeyw,Pandey,ashish,abhisheed,323M/43M/fbbfjs,Koramnagala, 5th cross,342352,Ping98233@hotmail.com,4483405803,Mybank,Mybranch,556626577467,PANQJ5130K,SBIN0000445,29PANQJ5130K1Z1,112242428075,AnnaHQCRS,Welcome@123,Welcome@123
2020.07.28.13.21.24,SD64282021,Subashefr,dungaw,lobe,Dubeye,Pandey,ashish,abhishekw,323M/43M/fbbfjs,Koramnagala, 5th cross,342352,Shaik80240@bt.com,4441899826,Mybank,Mybranch,556697035094,PANQP2647L,SBIN0000446,29PANQP2647L1Z1,112264848357,PaajiEHDWN,Welcome@123,Welcome@123
2020.07.28.13.22.01,SD58976600,Subashere,dungaw,lobe,Dubeys,Pandey,ashish,abhishekw,323M/43M/fbbfjs,Koramnagala, 5th cross,342352,Rao82095@bt.com,4488037771,Mybank,Mybranch,556689274905,PANQD5246N,SBIN0000447,29PANQD5246N1Z1,112278596191,BhaiWMZNT,Welcome@123,Welcome@123
2020.07.28.13.22.38,SD31164544,Subasherw,dunga,lobe,Dubey,Pandey,ashish,abhishek,323M/43M/fbbfjs,Koramnagala, 5th cross,342352,Reddy87991@outlook.com,4474372429,Mybank,Mybranch,556629811458,PANQW5008Z,SBIN0000444,29PANQW5008Z1Z1,112211065576,KhanDLSLY,Welcome@123,Welcome@123
2020.07.28.13.23.16,SD98312394,Subasheer,dungaq,lobe,Dubeyw,Pandey,ashish,abhisheed,323M/43M/fbbfjs,Koramnagala, 5th cross,342352,Osborn19020@live.com,4490663861,Mybank,Mybranch,556620968695,PANQE7613P,SBIN0000445,29PANQE7613P1Z1,112270521590,AnnaVEHNT,Welcome@123,Welcome@123
2020.07.28.13.23.54,SD64282021,Subashefr,dungaw,lobe,Dubeye,Pandey,ashish,abhishekw,323M/43M/fbbfjs,Koramnagala, 5th cross,342352,Green87449@gmail.com,4415296619,Mybank,Mybranch,556638099320,PANQO7231E,SBIN0000446,29PANQO7231E1Z1,112255643569,LaamTPUNV,Welcome@123,Welcome@123
2020.07.28.13.24.32,SD58976600,Subashere,dungaw,lobe,Dubeys,Pandey,ashish,abhishekw,323M/43M/fbbfjs,Koramnagala, 5th cross,342352,Paaji60478@outlook.com,4493475550,Mybank,Mybranch,556670604145,PANQT9370Q,SBIN0000447,29PANQT9370Q1Z1,112281802849,ReddyRHRUT,Welcome@123,Welcome@123
2020.07.28.13.25.10,SD31164544,Subasherw,dunga,lobe,Dubey,Pandey,ashish,abhishek,323M/43M/fbbfjs,Koramnagala, 5th cross,342352,Tim48000@bt.com,4430409258,Mybank,Mybranch,556626491718,PANQZ4687H,SBIN0000444,29PANQZ4687H1Z1,112269898018,LeeOUYRC,Welcome@123,Welcome@123
2020.07.28.13.25.48,SD98312394,Subasheer,dungaq,lobe,Dubeyw,Pandey,ashish,abhisheed,323M/43M/fbbfjs,Koramnagala, 5th cross,342352,Osborn15792@gmail.com,4429256609,Mybank,Mybranch,556662248020,PANQS3475Z,SBIN0000445,29PANQS3475Z1Z1,112241183649,KimSTZDW,Welcome@123,Welcome@123
2020.07.28.13.26.27,SD64282021,Subashefr,dungaw,lobe,Dubeye,Pandey,ashish,abhishekw,323M/43M/fbbfjs,Koramnagala, 5th cross,342352,Rao95048@bt.com,4430799909,Mybank,Mybranch,556675974832,PANQD1211R,SBIN0000446,29PANQD1211R1Z1,112215364262,RaoQEMOL,Welcome@123,Welcome@123
2020.07.28.13.27.17,SD58976600,Subashere,dungaw,lobe,Dubeys,Pandey,ashish,abhishekw,323M/43M/fbbfjs,Koramnagala, 5th cross,342352,John31944@aol.com,4482207263,Mybank,Mybranch,556697183987,PANQH4263E,SBIN0000447,29PANQH4263E1Z1,112294813797,AnnaLKVBS,Welcome@123,Welcome@123
2020.07.29.11.14.46,SD95016777,Subasherw,dunga,lobe,Dubey,Pandey,ashish,abhishek,323M/43M/fbbfjs,Koramnagala, 5th cross,342352,Tim20529@gmail.com,4490464453,Mybank,Mybranch,556674728230,PANQZ5993M,SBIN0000444,29PANQZ5993M1Z1,112265748035,TimPZUIE,Welcome@123,Welcome@123
2020.07.29.11.15.26,SD73335573,Subashefsdg,dunga,lobe,Dubey,Pandey,ashish,abhishek,323M/43M/fbbfjs,Koramnagala, 5th cross,342352,Paaji18184@hotmail.com,4439239783,Mybank,Mybranch,556678616674,PANQD4387J,SBIN0000445,29PANQD4387J1Z1,112253124567,LaamKDLPQ,Welcome@123,Welcome@123
2020.07.29.11.16.04,SD40074380,Subashegsa,dunga,lobe,Dubey,Pandey,ashish,abhishek,323M/43M/fbbfjs,Koramnagala, 5th cross,342352,Green17239@gmail.com,4457443547,Mybank,Mybranch,556688997996,PANQJ7805W,SBIN0000446,29PANQJ7805W1Z1,112282974348,OsbornENQRF,Welcome@123,Welcome@123
2020.07.29.11.16.43,SD93045581,Subashegsg,dunga,lobe,Dubey,Pandey,ashish,abhishek,323M/43M/fbbfjs,Koramnagala, 5th cross,342352,John57504@gmail.com,4419994137,Mybank,Mybranch,556661071872,PANQV3437D,SBIN0000447,29PANQV3437D1Z1,112296307134,OsbornKRYNI,Welcome@123,Welcome@123
2020.07.29.11.17.19,SD66759547,Subashegfeha,dunga,lobe,Dubey,Pandey,ashish,abhishek,323M/43M/fbbfjs,Koramnagala, 5th cross,342352,Ching88080@gmail.com,4461194571,Mybank,Mybranch,556697764011,PANQR2945Z,SBIN0000448,29PANQR2945Z1Z1,112241337390,AbdulTFWPO,Welcome@123,Welcome@123
2020.07.29.11.17.57,SD80257988,Subashedfd,dunga,lobe,Dubey,Pandey,ashish,abhishek,323M/43M/fbbfjs,Koramnagala, 5th cross,342352,Kim56964@live.com,4471716711,Mybank,Mybranch,556648429591,PANQV4597E,SBIN0000449,29PANQV4597E1Z1,112229021061,AnnaCZLCG,Welcome@123,Welcome@123
2020.07.29.11.18.37,SD21455517,Subashegss,dunga,lobe,Dubey,Pandey,ashish,abhishek,323M/43M/fbbfjs,Koramnagala, 5th cross,342352,Khan79558@aol.com,4449785165,Mybank,Mybranch,556611003727,PANQY6823F,SBIN0000450,29PANQY6823F1Z1,112289091730,GreenIFQIX,Welcome@123,Welcome@123
2020.07.29.11.19.13,SD79240542,Subashgseerre,dunga,lobe,Dubey,Pandey,ashish,abhishek,323M/43M/fbbfjs,Koramnagala, 5th cross,342352,Anna40127@live.com,4496457254,Mybank,Mybranch,556656743527,PANQJ1164W,SBIN0000451,29PANQJ1164W1Z1,112271627083,ShaikRHHVO,Welcome@123,Welcome@123
2020.07.29.11.19.48,SD19903959,Subashgsga,dunga,lobe,Dubey,Pandey,ashish,abhishek,323M/43M/fbbfjs,Koramnagala, 5th cross,342352,Green45748@yahoo.co.uk,4496113407,Mybank,Mybranch,556678673755,PANQC5966V,SBIN0000452,29PANQC5966V1Z1,112232556186,ReddyOHPDW,Welcome@123,Welcome@123
2020.07.29.11.20.23,SD70920340,Subashsgaga,dunga,lobe,Dubey,Pandey,ashish,abhishek,323M/43M/fbbfjs,Koramnagala, 5th cross,342352,Osborn21627@live.com,4490144295,Mybank,Mybranch,556632954223,PANQS3948P,SBIN0000453,29PANQS3948P1Z1,112230525502,TimESOCE,Welcome@123,Welcome@123
2020.07.29.11.20.59,SD81928310,Subashefrhew,dunga,lobe,Dubey,Pandey,ashish,abhishek,323M/43M/fbbfjs,Koramnagala, 5th cross,342352,Shaik87587@outlook.com,4494298862,Mybank,Mybranch,556672116923,PANQY8536X,SBIN0000454,29PANQY8536X1Z1,112255705599,ReddyCARIO,Welcome@123,Welcome@123
2020.07.29.11.21.48,SD61381928,Subashgsdgwe,dunga,lobe,Dubey,Pandey,ashish,abhishek,323M/43M/fbbfjs,Koramnagala, 5th cross,342352,Abdul15552@gmail.com,4468588564,Mybank,Mybranch,556644778001,PANQP9384C,SBIN0000455,29PANQP9384C1Z1,112239099132,RaoXEARD,Welcome@123,Welcome@123
2020.08.04.11.31.10,SD95016777,Subasherw,dunga,lobe,Dubey,Pandey,ashish,abhishek,323M/43M/fbbfjs,Koramnagala, 5th cross,342352,Khan53042@yahoo.co.uk,4459576891,Mybank,Mybranch,556656662286,PANQE5254W,SBIN0000444,27PANQE5254W1Z1,112289862516,KimCXQQT,Welcome@123,Welcome@123
2020.08.04.11.31.52,SD73335573,Subashefsdg,dunga,lobe,Dubey,Pandey,ashish,abhishek,323M/43M/fbbfjs,Koramnagala, 5th cross,342352,Kim71004@yahoo.co.uk,4433075580,Mybank,Mybranch,556699449776,PANQJ3264M,SBIN0000445,27PANQJ3264M1Z1,112258571496,AnnaNQZKK,Welcome@123,Welcome@123
2020.08.04.15.34.59,SD95016777,Subasfhfdh,dunga,lobe,Dubey,Pandey,ashish,abhishek,323M/43M/fbbfjs,Koramnagala, 5th cross,342352,Reddy69836@yahoo.co.uk,4459308349,Mybank,Mybranch,556691475919,PANQC7148S,SBIN0000444,27PANQC7148S1Z1,112227442107,BhaiWUVYD,Welcome@123,Welcome@123
2020.08.04.15.42.34,SD95016777,Subasfhfdh,dunga,lobe,Dubey,Pandey,ashish,abhishek,323M/43M/fbbfjs,Koramnagala, 5th cross,342352,Reddy71560@yahoo.co.uk,4462934942,Mybank,Mybranch,556637254270,PANQK7477N,SBIN0000444,27PANQK7477N1Z1,112286364593,PingMEZHI,Welcome@123,Welcome@123
2020.08.04.15.43.16,SD73335573,Subashehhchr,dunga,lobe,Dubey,Pandey,ashish,abhishek,323M/43M/fbbfjs,Koramnagala, 5th cross,342352,Ching95917@live.com,4462243577,Mybank,Mybranch,556665524177,PANQE9753K,SBIN0000445,27PANQE9753K1Z1,112299748291,LaamKLXEV,Welcome@123,Welcome@123
2020.08.04.15.43.59,SD40074380,Subasrdhdhd,dunga,lobe,Dubey,Pandey,ashish,abhishek,323M/43M/fbbfjs,Koramnagala, 5th cross,342352,Tim87579@outlook.com,4457097682,Mybank,Mybranch,556697926538,PANQM9049G,SBIN0000446,27PANQM9049G1Z1,112260937583,ReddyJHDPL,Welcome@123,Welcome@123
2020.08.04.15.44.43,SD93045581,Subasherssjs,dunga,lobe,Dubey,Pandey,ashish,abhishek,323M/43M/fbbfjs,Koramnagala, 5th cross,342352,Paaji44183@yahoo.co.uk,4457883129,Mybank,Mybranch,556643347859,PANQP2960N,SBIN0000447,27PANQP2960N1Z1,112223445311,ChingQMHAQ,Welcome@123,Welcome@123
2020.08.04.15.45.26,SD66759547,Subashgdgsjs,dunga,lobe,Dubey,Pandey,ashish,abhishek,323M/43M/fbbfjs,Koramnagala, 5th cross,342352,Shaik95299@yahoo.co.uk,4478162455,Mybank,Mybranch,556659631951,PANQP9257L,SBIN0000448,27PANQP9257L1Z1,112288696018,JohnLDCTW,Welcome@123,Welcome@123
2020.08.04.15.46.08,SD80257988,Subasgjgjses,dunga,lobe,Dubey,Pandey,ashish,abhishek,323M/43M/fbbfjs,Koramnagala, 5th cross,342352,Rao81111@outlook.com,4435823306,Mybank,Mybranch,556623644841,PANQZ6706L,SBIN0000449,27PANQZ6706L1Z1,112255546545,GreenWUTWF,Welcome@123,Welcome@123
2020.08.04.15.46.52,SD21455517,Subaggsjr,dunga,lobe,Dubey,Pandey,ashish,abhishek,323M/43M/fbbfjs,Koramnagala, 5th cross,342352,Abdul13438@live.com,4427969744,Mybank,Mybranch,556612383643,PANQR5610Z,SBIN0000450,27PANQR5610Z1Z1,112229627613,BhaiWROAP,Welcome@123,Welcome@123
2020.08.24.20.33.36,SD93045581,Subasherssjs,dunga,lobe,Dubey,Pandey,ashish,abhishek,323M/43M/fbbfjs,Koramnagala, 5th cross,342352,Laam90833@aol.com,4426668681,Mybank,Mybranch,556669627733,PANQP4691F,SBIN0000447,27PANQP4691F1Z1,112235216613,ReddyWZTCX,Welcome@123,Welcome@123
2020.08.24.20.34.50,SD80257988,Subasgjgjses,dunga,lobe,Dubey,Pandey,ashish,abhishek,323M/43M/fbbfjs,Koramnagala, 5th cross,342352,Khan57658@outlook.com,4451192127,Mybank,Mybranch,556658885923,PANQC9392D,SBIN0000449,27PANQC9392D1Z1,112237347976,ReddyTLEUQ,Welcome@123,Welcome@123
2020.10.07.17.45.29,SD95016777,Subasfhfdh,dunga,lobe,Dubey,Pandey,ashish,abhishek,323M/43M/fbbfjs,Koramnagala, 5th cross,342352,Bhai24360@aol.com,4470112039,Mybank,Mybranch,556692746482,PANQE9855Z,SBIN0000444,27PANQE9855Z1Z1,112222911373,LaamZQDKM,Welcome@123,Welcome@123
2020.11.05.16.25.27,SD95016777,Subasfhfdh,dunga,lobe,Dubey,Pandey,ashish,abhishek,323M/43M/fbbfjs,Koramnagala, 5th cross,342352,Rao29522@aol.com,4429267917,Mybank,Mybranch,556670873927,PANQF8323Z,SBIN0000444,27PANQF8323Z1Z1,112252365015,ChingSQQQS,Welcome@123,Welcome@123
2020.11.05.16.26.10,SD73335573,Subashehhchr,dunga,lobe,Dubey,Pandey,ashish,abhishek,323M/43M/fbbfjs,Koramnagala, 5th cross,342352,Abdul45665@yahoo.co.uk,4441061346,Mybank,Mybranch,556686227985,PANQN6221U,SBIN0000445,27PANQN6221U1Z1,112294168366,KhanEMTPI,Welcome@123,Welcome@123
2020.11.05.16.26.53,SD40074380,Subasrdhdhd,dunga,lobe,Dubey,Pandey,ashish,abhishek,323M/43M/fbbfjs,Koramnagala, 5th cross,342352,Osborn47378@live.com,4487847908,Mybank,Mybranch,556662831905,PANQN2433O,SBIN0000446,27PANQN2433O1Z1,112223101752,KimBHDXW,Welcome@123,Welcome@123
2020.11.05.16.27.36,SD93045581,Subasherssjs,dunga,lobe,Dubey,Pandey,ashish,abhishek,323M/43M/fbbfjs,Koramnagala, 5th cross,342352,Khan37467@live.com,4494824480,Mybank,Mybranch,556670298659,PANQF9869O,SBIN0000447,27PANQF9869O1Z1,112212766164,TimOMMYT,Welcome@123,Welcome@123
2020.11.05.16.28.20,SD66759547,Subashgdgsjs,dunga,lobe,Dubey,Pandey,ashish,abhishek,323M/43M/fbbfjs,Koramnagala, 5th cross,342352,Tim59819@gmail.com,4491292461,Mybank,Mybranch,556612283317,PANQN9502R,SBIN0000448,27PANQN9502R1Z1,112223001051,KimNUHJR,Welcome@123,Welcome@123
2020.11.05.16.29.09,SD80257988,Subasgjgjses,dunga,lobe,Dubey,Pandey,ashish,abhishek,323M/43M/fbbfjs,Koramnagala, 5th cross,342352,Ching30678@bt.com,4445176524,Mybank,Mybranch,556621539129,PANQY2920I,SBIN0000449,27PANQY2920I1Z1,112271488179,JohnPNOQP,Welcome@123,Welcome@123
2020.11.05.16.30.01,SD21455517,Subaggsjr,dunga,lobe,Dubey,Pandey,ashish,abhishek,323M/43M/fbbfjs,Koramnagala, 5th cross,342352,Lee90564@outlook.com,4463432897,Mybank,Mybranch,556644801976,PANQG9028W,SBIN0000450,27PANQG9028W1Z1,112229483380,AnnaFIVQN,Welcome@123,Welcome@123
2020.11.05.16.30.51,SD79240542,Subafewhew,dunga,lobe,Dubey,Pandey,ashish,abhishek,323M/43M/fbbfjs,Koramnagala, 5th cross,342352,Shaik88321@hotmail.com,4442779869,Mybank,Mybranch,556618198988,PANQX1528F,SBIN0000451,27PANQX1528F1Z1,112277858699,RaoBGDBL,Welcome@123,Welcome@123
2020.11.05.16.31.46,SD19903959,Subhhhewr,dunga,lobe,Dubey,Pandey,ashish,abhishek,323M/43M/fbbfjs,Koramnagala, 5th cross,342352,Shaik79105@outlook.com,4460538673,Mybank,Mybranch,556680515491,PANQH4148K,SBIN0000452,27PANQH4148K1Z1,112261317366,RaoUGMVG,Welcome@123,Welcome@123
2020.11.05.16.32.31,SD70920340,Sufiditghrr,dunga,lobe,Dubey,Pandey,ashish,abhishek,323M/43M/fbbfjs,Koramnagala, 5th cross,342352,Osborn99828@outlook.com,4442076299,Mybank,Mybranch,556694909413,PANQU1194T,SBIN0000453,27PANQU1194T1Z1,112241453136,PaajiQXQQS,Welcome@123,Welcome@123
2020.11.05.16.33.16,SD81928310,Subhfdhijerrie,dunga,lobe,Dubey,Pandey,ashish,abhishek,323M/43M/fbbfjs,Koramnagala, 5th cross,342352,Green17770@yahoo.co.uk,4433822584,Mybank,Mybranch,556688226981,PANQZ1338T,SBIN0000454,27PANQZ1338T1Z1,112231048143,TimFAFVC,Welcome@123,Welcome@123
2020.11.05.16.33.59,SD61381928,Subhdhdtrrs,dunga,lobe,Dubey,Pandey,ashish,abhishek,323M/43M/fbbfjs,Koramnagala, 5th cross,342352,Green78533@yahoo.co.uk,4435768066,Mybank,Mybranch,556613878983,PANQI3887C,SBIN0000455,27PANQI3887C1Z1,112215587511,LaamMDHJS,Welcome@123,Welcome@123
2020.11.09.15.10.30,SD95016777,Subasfhfdh,dunga,lobe,Dubey,Pandey,ashish,abhishek,323M/43M/fbbfjs,Koramnagala, 5th cross,342352,Ching33189@live.com,4458676913,Mybank,Mybranch,556659487255,PANQA6971Z,SBIN0000444,27PANQA6971Z1Z1,112287189943,ReddyROGXS,Welcome@123,Welcome@123
2020.11.09.15.11.14,SD73335573,Subashehhchr,dunga,lobe,Dubey,Pandey,ashish,abhishek,323M/43M/fbbfjs,Koramnagala, 5th cross,342352,Tim95097@bt.com,4466838832,Mybank,Mybranch,556698231225,PANQD2097S,SBIN0000445,27PANQD2097S1Z1,112237341083,LaamRABXU,Welcome@123,Welcome@123
2020.11.09.15.11.59,SD40074380,Subasrdhdhd,dunga,lobe,Dubey,Pandey,ashish,abhishek,323M/43M/fbbfjs,Koramnagala, 5th cross,342352,Laam26062@outlook.com,4494195941,Mybank,Mybranch,556628391254,PANQL8793Z,SBIN0000446,27PANQL8793Z1Z1,112230582906,KhanODJNY,Welcome@123,Welcome@123
2020.11.09.15.12.49,SD93045581,Subasherssjs,dunga,lobe,Dubey,Pandey,ashish,abhishek,323M/43M/fbbfjs,Koramnagala, 5th cross,342352,Ching90792@yahoo.co.uk,4410829698,Mybank,Mybranch,556696522884,PANQE9548S,SBIN0000447,27PANQE9548S1Z1,112218452614,TimRIQEN,Welcome@123,Welcome@123
2020.11.09.15.13.31,SD66759547,Subashgdgsjs,dunga,lobe,Dubey,Pandey,ashish,abhishek,323M/43M/fbbfjs,Koramnagala, 5th cross,342352,Tim26780@hotmail.com,4418738069,Mybank,Mybranch,556637135898,PANQL4342O,SBIN0000448,27PANQL4342O1Z1,112212816816,LaamTKIWR,Welcome@123,Welcome@123
2020.11.09.15.14.08,SD80257988,Subasgjgjses,dunga,lobe,Dubey,Pandey,ashish,abhishek,323M/43M/fbbfjs,Koramnagala, 5th cross,342352,Paaji52191@gmail.com,4412121997,Mybank,Mybranch,556637848111,PANQC1703O,SBIN0000449,27PANQC1703O1Z1,112220499331,RaoWTEPT,Welcome@123,Welcome@123
2020.11.09.15.15.00,SD21455517,Subaggsjr,dunga,lobe,Dubey,Pandey,ashish,abhishek,323M/43M/fbbfjs,Koramnagala, 5th cross,342352,Reddy42101@outlook.com,4496691760,Mybank,Mybranch,556677997863,PANQV3312I,SBIN0000450,27PANQV3312I1Z1,112239369602,RaoDQVAV,Welcome@123,Welcome@123
2020.11.09.15.15.51,SD79240542,Subafewhew,dunga,lobe,Dubey,Pandey,ashish,abhishek,323M/43M/fbbfjs,Koramnagala, 5th cross,342352,Laam47561@gmail.com,4494985066,Mybank,Mybranch,556655827202,PANQY6419L,SBIN0000451,27PANQY6419L1Z1,112223092561,KimRPOYM,Welcome@123,Welcome@123
2020.11.09.15.16.34,SD19903959,Subhhhewr,dunga,lobe,Dubey,Pandey,ashish,abhishek,323M/43M/fbbfjs,Koramnagala, 5th cross,342352,Green52796@hotmail.com,4429184706,Mybank,Mybranch,556614384538,PANQB5440I,SBIN0000452,27PANQB5440I1Z1,112271066606,LeeVTNDK,Welcome@123,Welcome@123
2020.11.09.16.58.25,SD95016777,Subasfhfdh,dunga,lobe,Dubey,Pandey,ashish,abhishek,323M/43M/fbbfjs,Koramnagala, 5th cross,342352,Lee77954@live.com,4451296551,Mybank,Mybranch,556614905951,PANQQ8528Y,SBIN0000444,27PANQQ8528Y1Z1,112263848347,LeeVDGQK,Welcome@123,Welcome@123
2020.11.09.16.59.20,SD73335573,Subashehhchr,dunga,lobe,Dubey,Pandey,ashish,abhishek,323M/43M/fbbfjs,Koramnagala, 5th cross,342352,Kim99125@live.com,4474961092,Mybank,Mybranch,556645487075,PANQP6900I,SBIN0000445,27PANQP6900I1Z1,112295743525,ReddyKVDJP,Welcome@123,Welcome@123
2020.11.09.17.00.02,SD40074380,Subasrdhdhd,dunga,lobe,Dubey,Pandey,ashish,abhishek,323M/43M/fbbfjs,Koramnagala, 5th cross,342352,Reddy97346@outlook.com,4412147275,Mybank,Mybranch,556638697984,PANQE4136L,SBIN0000446,27PANQE4136L1Z1,112247927362,RaoCAECG,Welcome@123,Welcome@123
2020.11.09.17.00.43,SD93045581,Subasherssjs,dunga,lobe,Dubey,Pandey,ashish,abhishek,323M/43M/fbbfjs,Koramnagala, 5th cross,342352,Anna10635@aol.com,4422532600,Mybank,Mybranch,556618862136,PANQL1168A,SBIN0000447,27PANQL1168A1Z1,112261469477,AbdulQTFND,Welcome@123,Welcome@123
2020.11.09.17.01.24,SD66759547,Subashgdgsjs,dunga,lobe,Dubey,Pandey,ashish,abhishek,323M/43M/fbbfjs,Koramnagala, 5th cross,342352,Osborn91833@live.com,4428825093,Mybank,Mybranch,556616436423,PANQT7258J,SBIN0000448,27PANQT7258J1Z1,112219425693,JohnQLOXC,Welcome@123,Welcome@123
2020.11.09.17.02.16,SD80257988,Subasgjgjses,dunga,lobe,Dubey,Pandey,ashish,abhishek,323M/43M/fbbfjs,Koramnagala, 5th cross,342352,Kim74957@outlook.com,4440963871,Mybank,Mybranch,556664733723,PANQS9370Y,SBIN0000449,27PANQS9370Y1Z1,112214385167,GreenZVYRE,Welcome@123,Welcome@123
2020.11.09.17.02.56,SD21455517,Subaggsjr,dunga,lobe,Dubey,Pandey,ashish,abhishek,323M/43M/fbbfjs,Koramnagala, 5th cross,342352,Anna73125@hotmail.com,4422586435,Mybank,Mybranch,556692591848,PANQT6298Y,SBIN0000450,27PANQT6298Y1Z1,112276515055,KimTEEEP,Welcome@123,Welcome@123
2020.11.09.17.03.37,SD79240542,Subafewhew,dunga,lobe,Dubey,Pandey,ashish,abhishek,323M/43M/fbbfjs,Koramnagala, 5th cross,342352,Khan11992@aol.com,4488795778,Mybank,Mybranch,556688515997,PANQQ7941E,SBIN0000451,27PANQQ7941E1Z1,112273261101,PingCBCAZ,Welcome@123,Welcome@123
2020.11.09.17.04.17,SD19903959,Subhhhewr,dunga,lobe,Dubey,Pandey,ashish,abhishek,323M/43M/fbbfjs,Koramnagala, 5th cross,342352,Abdul45266@gmail.com,4448584984,Mybank,Mybranch,556694563776,PANQU7354I,SBIN0000452,27PANQU7354I1Z1,112288811171,AbdulYKFAW,Welcome@123,Welcome@123
2020.11.09.17.04.58,SD70920340,Sufiditghrr,dunga,lobe,Dubey,Pandey,ashish,abhishek,323M/43M/fbbfjs,Koramnagala, 5th cross,342352,Reddy67185@yahoo.co.uk,4430245754,Mybank,Mybranch,556646253125,PANQE9575L,SBIN0000453,27PANQE9575L1Z1,112243724126,AbdulITUEC,Welcome@123,Welcome@123
2020.11.09.17.05.38,SD81928310,Subhfdhijerrie,dunga,lobe,Dubey,Pandey,ashish,abhishek,323M/43M/fbbfjs,Koramnagala, 5th cross,342352,Lee33897@hotmail.com,4410997174,Mybank,Mybranch,556630799321,PANQU8196U,SBIN0000454,27PANQU8196U1Z1,112268745505,BhaiURKCV,Welcome@123,Welcome@123
2020.11.09.17.06.18,SD61381928,Subhdhdtrrs,dunga,lobe,Dubey,Pandey,ashish,abhishek,323M/43M/fbbfjs,Koramnagala, 5th cross,342352,Anna58847@yahoo.co.uk,4423776391,Mybank,Mybranch,556671753571,PANQC6470R,SBIN0000455,27PANQC6470R1Z1,112217484987,ShaikWBEVK,Welcome@123,Welcome@123
2020.11.11.10.46.53,SD95016777,Subasfhfdh,dunga,lobe,Dubey,Pandey,ashish,abhishek,323M/43M/fbbfjs,Koramnagala, 5th cross,342352,Bhai44347@live.com,4479021340,Mybank,Mybranch,556685503445,PANQX8853U,SBIN0000444,27PANQX8853U1Z1,112237787463,OsbornCOVZV,Welcome@123,Welcome@123
2020.11.11.10.47.48,SD73335573,Subashehhchr,dunga,lobe,Dubey,Pandey,ashish,abhishek,323M/43M/fbbfjs,Koramnagala, 5th cross,342352,Paaji33551@hotmail.com,4442103844,Mybank,Mybranch,556699843886,PANQW8132G,SBIN0000445,27PANQW8132G1Z1,112272517535,PingSUKTK,Welcome@123,Welcome@123
2020.11.11.10.48.38,SD40074380,Subasrdhdhd,dunga,lobe,Dubey,Pandey,ashish,abhishek,323M/43M/fbbfjs,Koramnagala, 5th cross,342352,Shaik56306@yahoo.co.uk,4416113353,Mybank,Mybranch,556623887277,PANQV5202T,SBIN0000446,27PANQV5202T1Z1,112222136922,AbdulJVZIX,Welcome@123,Welcome@123
2020.11.11.10.49.22,SD93045581,Subasherssjs,dunga,lobe,Dubey,Pandey,ashish,abhishek,323M/43M/fbbfjs,Koramnagala, 5th cross,342352,Abdul21262@aol.com,4484093582,Mybank,Mybranch,556681224967,PANQY6482N,SBIN0000447,27PANQY6482N1Z1,112224285108,AnnaPDOAO,Welcome@123,Welcome@123
2020.11.11.10.50.04,SD66759547,Subashgdgsjs,dunga,lobe,Dubey,Pandey,ashish,abhishek,323M/43M/fbbfjs,Koramnagala, 5th cross,342352,Bhai45856@outlook.com,4446003918,Mybank,Mybranch,556630415448,PANQE6489Y,SBIN0000448,27PANQE6489Y1Z1,112233622271,KimMXGTU,Welcome@123,Welcome@123
2020.11.11.10.50.50,SD80257988,Subasgjgjses,dunga,lobe,Dubey,Pandey,ashish,abhishek,323M/43M/fbbfjs,Koramnagala, 5th cross,342352,Ching57227@hotmail.com,4466099348,Mybank,Mybranch,556651276094,PANQE6486L,SBIN0000449,27PANQE6486L1Z1,112247938337,ReddyRLKKJ,Welcome@123,Welcome@123
2020.11.11.10.51.35,SD21455517,Subaggsjr,dunga,lobe,Dubey,Pandey,ashish,abhishek,323M/43M/fbbfjs,Koramnagala, 5th cross,342352,Laam97835@bt.com,4431599498,Mybank,Mybranch,556649371120,PANQP8267M,SBIN0000450,27PANQP8267M1Z1,112287264415,BhaiWNRAB,Welcome@123,Welcome@123
2020.11.11.10.52.23,SD79240542,Subafewhew,dunga,lobe,Dubey,Pandey,ashish,abhishek,323M/43M/fbbfjs,Koramnagala, 5th cross,342352,Khan82899@hotmail.com,4470889720,Mybank,Mybranch,556652001109,PANQA9711F,SBIN0000451,27PANQA9711F1Z1,112250595344,PaajiLITYL,Welcome@123,Welcome@123
2020.11.11.10.53.07,SD19903959,Subhhhewr,dunga,lobe,Dubey,Pandey,ashish,abhishek,323M/43M/fbbfjs,Koramnagala, 5th cross,342352,Anna64973@aol.com,4491542609,Mybank,Mybranch,556616619271,PANQX7376C,SBIN0000452,27PANQX7376C1Z1,112240745015,KhanVTYDU,Welcome@123,Welcome@123
2020.11.11.10.53.59,SD70920340,Sufiditghrr,dunga,lobe,Dubey,Pandey,ashish,abhishek,323M/43M/fbbfjs,Koramnagala, 5th cross,342352,Shaik33759@outlook.com,4443462336,Mybank,Mybranch,556652841858,PANQU1274M,SBIN0000453,27PANQU1274M1Z1,112289983517,PaajiBHHME,Welcome@123,Welcome@123
2020.11.11.10.54.41,SD81928310,Subhfdhijerrie,dunga,lobe,Dubey,Pandey,ashish,abhishek,323M/43M/fbbfjs,Koramnagala, 5th cross,342352,Khan26497@bt.com,4457603344,Mybank,Mybranch,556690965814,PANQQ9146R,SBIN0000454,27PANQQ9146R1Z1,112235768765,PaajiGJNRO,Welcome@123,Welcome@123
2020.11.11.10.55.24,SD61381928,Subhdhdtrrs,dunga,lobe,Dubey,Pandey,ashish,abhishek,323M/43M/fbbfjs,Koramnagala, 5th cross,342352,Bhai41472@gmail.com,4493438677,Mybank,Mybranch,556615605805,PANQO5121A,SBIN0000455,27PANQO5121A1Z1,112225621233,ReddyWQQUH,Welcome@123,Welcome@123
2020.11.11.11.41.45,SD95016777,Subasfhfdh,dunga,lobe,Dubey,Pandey,ashish,abhishek,323M/43M/fbbfjs,Koramnagala, 5th cross,342352,Lee60316@outlook.com,4471314535,Mybank,Mybranch,556655969163,PANQQ7731A,SBIN0000444,27PANQQ7731A1Z1,112291494045,GreenPDRTZ,Welcome@123,Welcome@123
2020.11.11.11.44.58,SD95016777,Subasfhfdh,dunga,lobe,Dubey,Pandey,ashish,abhishek,323M/43M/fbbfjs,Koramnagala, 5th cross,342352,Anna43091@gmail.com,4425799071,Mybank,Mybranch,556670221558,PANQV3930Q,SBIN0000444,27PANQV3930Q1Z1,112235303979,JohnFMQDL,Welcome@123,Welcome@123
2020.11.11.11.45.40,SD73335573,Subashehhchr,dunga,lobe,Dubey,Pandey,ashish,abhishek,323M/43M/fbbfjs,Koramnagala, 5th cross,342352,Kim63343@live.com,4496476308,Mybank,Mybranch,556627486527,PANQM5093U,SBIN0000445,27PANQM5093U1Z1,112239331894,ShaikPDQNA,Welcome@123,Welcome@123
2020.11.11.11.46.21,SD40074380,Subasrdhdhd,dunga,lobe,Dubey,Pandey,ashish,abhishek,323M/43M/fbbfjs,Koramnagala, 5th cross,342352,Laam47601@aol.com,4469206093,Mybank,Mybranch,556677773723,PANQD3425U,SBIN0000446,27PANQD3425U1Z1,112269499492,ReddyKDWZW,Welcome@123,Welcome@123
2020.11.11.11.47.04,SD93045581,Subasherssjs,dunga,lobe,Dubey,Pandey,ashish,abhishek,323M/43M/fbbfjs,Koramnagala, 5th cross,342352,John92589@hotmail.com,4490405597,Mybank,Mybranch,556615533190,PANQG1925T,SBIN0000447,27PANQG1925T1Z1,112292064962,LaamQTFRT,Welcome@123,Welcome@123
2020.11.11.11.47.46,SD66759547,Subashgdgsjs,dunga,lobe,Dubey,Pandey,ashish,abhishek,323M/43M/fbbfjs,Koramnagala, 5th cross,342352,Ching77187@outlook.com,4483452968,Mybank,Mybranch,556670959427,PANQA1479T,SBIN0000448,27PANQA1479T1Z1,112285769424,ReddyRGPQK,Welcome@123,Welcome@123
2020.11.11.15.41.26,SD95016777,Subasfhfdh,dunga,lobe,Dubey,Pandey,ashish,abhishek,323M/43M/fbbfjs,Koramnagala, 5th cross,342352,Khan74740@live.com,4464983895,Mybank,Mybranch,556681121199,PANQA8685D,SBIN0000444,27PANQA8685D1Z1,112296949140,BhaiDSAXW,Welcome@123,Welcome@123
2020.11.11.15.42.07,SD73335573,Subashehhchr,dunga,lobe,Dubey,Pandey,ashish,abhishek,323M/43M/fbbfjs,Koramnagala, 5th cross,342352,Osborn32442@hotmail.com,4475768787,Mybank,Mybranch,556633386333,PANQP8760T,SBIN0000445,27PANQP8760T1Z1,112243069788,AbdulSAWFC,Welcome@123,Welcome@123
2020.11.11.15.42.51,SD40074380,Subasrdhdhd,dunga,lobe,Dubey,Pandey,ashish,abhishek,323M/43M/fbbfjs,Koramnagala, 5th cross,342352,Abdul36927@aol.com,4452014816,Mybank,Mybranch,556656444321,PANQW7116O,SBIN0000446,27PANQW7116O1Z1,112225401062,LeeLXXSO,Welcome@123,Welcome@123
2020.11.11.15.43.33,SD93045581,Subasherssjs,dunga,lobe,Dubey,Pandey,ashish,abhishek,323M/43M/fbbfjs,Koramnagala, 5th cross,342352,Ping37545@outlook.com,4472792281,Mybank,Mybranch,556642352229,PANQV9940P,SBIN0000447,27PANQV9940P1Z1,112286815498,KhanDPYCP,Welcome@123,Welcome@123
2020.11.11.15.44.15,SD66759547,Subashgdgsjs,dunga,lobe,Dubey,Pandey,ashish,abhishek,323M/43M/fbbfjs,Koramnagala, 5th cross,342352,Shaik95988@hotmail.com,4423774669,Mybank,Mybranch,556646964490,PANQT6033J,SBIN0000448,27PANQT6033J1Z1,112243258093,KimGXKUB,Welcome@123,Welcome@123
2020.11.11.15.45.02,SD80257988,Subasgjgjses,dunga,lobe,Dubey,Pandey,ashish,abhishek,323M/43M/fbbfjs,Koramnagala, 5th cross,342352,Abdul45231@hotmail.com,4463184347,Mybank,Mybranch,556669801466,PANQG9431F,SBIN0000449,27PANQG9431F1Z1,112211751279,AnnaEBDQX,Welcome@123,Welcome@123
2020.11.24.11.04.44,SD95016777,Subasfhfdh,dunga,lobe,Dubey,Pandey,ashish,abhishek,323M/43M/fbbfjs,Koramnagala, 5th cross,342352,Kim43817@gmail.com,4412752174,Mybank,Mybranch,556635493313,PANQZ3257R,SBIN0000444,27PANQZ3257R1Z1,112230366586,KhanWKNNE,Welcome@123,Welcome@123
2020.11.24.11.05.25,SD73335573,Subashehhchr,dunga,lobe,Dubey,Pandey,ashish,abhishek,323M/43M/fbbfjs,Koramnagala, 5th cross,342352,Laam41709@aol.com,4434998982,Mybank,Mybranch,556681624815,PANQZ2319E,SBIN0000445,27PANQZ2319E1Z1,112229475690,BhaiMKWHW,Welcome@123,Welcome@123
2020.11.24.11.06.08,SD40074380,Subasrdhdhd,dunga,lobe,Dubey,Pandey,ashish,abhishek,323M/43M/fbbfjs,Koramnagala, 5th cross,342352,Abdul74911@live.com,4478119248,Mybank,Mybranch,556622319954,PANQZ2543A,SBIN0000446,27PANQZ2543A1Z1,112297205654,AnnaDLXYU,Welcome@123,Welcome@123
2020.11.24.11.06.52,SD93045581,Subasherssjs,dunga,lobe,Dubey,Pandey,ashish,abhishek,323M/43M/fbbfjs,Koramnagala, 5th cross,342352,Khan93378@hotmail.com,4413624480,Mybank,Mybranch,556665923501,PANQN4313I,SBIN0000447,27PANQN4313I1Z1,112231841964,AnnaTKHDW,Welcome@123,Welcome@123
2020.11.24.11.07.36,SD66759547,Subashgdgsjs,dunga,lobe,Dubey,Pandey,ashish,abhishek,323M/43M/fbbfjs,Koramnagala, 5th cross,342352,Anna36726@hotmail.com,4445672168,Mybank,Mybranch,556692018461,PANQH5030Z,SBIN0000448,27PANQH5030Z1Z1,112264687255,PingXTPIN,Welcome@123,Welcome@123
2020.11.24.11.08.13,SD80257988,Subasgjgjses,dunga,lobe,Dubey,Pandey,ashish,abhishek,323M/43M/fbbfjs,Koramnagala, 5th cross,342352,Paaji82015@outlook.com,4412017534,Mybank,Mybranch,556680783585,PANQE5869Q,SBIN0000449,27PANQE5869Q1Z1,112270518368,BhaiTJLDG,Welcome@123,Welcome@123
2020.11.24.11.08.58,SD21455517,Subaggsjr,dunga,lobe,Dubey,Pandey,ashish,abhishek,323M/43M/fbbfjs,Koramnagala, 5th cross,342352,Osborn53445@outlook.com,4465417270,Mybank,Mybranch,556677664767,PANQB6750J,SBIN0000450,27PANQB6750J1Z1,112274199900,PaajiRKVSM,Welcome@123,Welcome@123
2020.11.24.11.43.57,SD31164544,Subasfhfdh,dunga,lobe,Dubey,Pandey,ashish,abhishek,323M/43M/fbbfjs,Koramnagala, 5th cross,342352,Kim33382@yahoo.co.uk,4489035043,Mybank,Mybranch,556696149014,PANQO2649P,SBIN0000444,27PANQO2649P1Z1,112261792478,BhaiPUJGN,Welcome@123,Welcome@123
2020.11.24.11.44.41,SD31164544,Subashehhchr,dunga,lobe,Dubey,Pandey,ashish,abhishek,323M/43M/fbbfjs,Koramnagala, 5th cross,342352,Ping87058@yahoo.co.uk,4411871146,Mybank,Mybranch,556673479454,PANQR5423O,SBIN0000445,27PANQR5423O1Z1,112286573570,AbdulWZHJM,Welcome@123,Welcome@123
2020.11.24.11.45.26,SD31164544,Subasrdhdhd,dunga,lobe,Dubey,Pandey,ashish,abhishek,323M/43M/fbbfjs,Koramnagala, 5th cross,342352,Rao35357@outlook.com,4481596108,Mybank,Mybranch,556657664185,PANQH1071K,SBIN0000446,27PANQH1071K1Z1,112253494273,OsbornPZCNW,Welcome@123,Welcome@123
2020.11.24.11.46.09,SD31164544,Subasherssjs,dunga,lobe,Dubey,Pandey,ashish,abhishek,323M/43M/fbbfjs,Koramnagala, 5th cross,342352,Osborn52335@gmail.com,4433655402,Mybank,Mybranch,556633496903,PANQL1910U,SBIN0000447,27PANQL1910U1Z1,112269097199,ShaikTWDPG,Welcome@123,Welcome@123
2020.11.24.11.46.49,SD31164544,Subashgdgsjs,dunga,lobe,Dubey,Pandey,ashish,abhishek,323M/43M/fbbfjs,Koramnagala, 5th cross,342352,Ching84431@outlook.com,4440971550,Mybank,Mybranch,556689431549,PANQX8460H,SBIN0000448,27PANQX8460H1Z1,112295906283,KhanGRTUP,Welcome@123,Welcome@123
2020.11.24.11.47.30,SD31164544,Subasgjgjses,dunga,lobe,Dubey,Pandey,ashish,abhishek,323M/43M/fbbfjs,Koramnagala, 5th cross,342352,Kim92145@outlook.com,4414698282,Mybank,Mybranch,556652182883,PANQS4297I,SBIN0000449,27PANQS4297I1Z1,112214359831,AnnaFMLDA,Welcome@123,Welcome@123
2020.11.24.11.48.08,SD31164544,Subaggsjr,dunga,lobe,Dubey,Pandey,ashish,abhishek,323M/43M/fbbfjs,Koramnagala, 5th cross,342352,Khan32732@live.com,4418356020,Mybank,Mybranch,556673858869,PANQR4320Z,SBIN0000450,27PANQR4320Z1Z1,112214857648,GreenYOLUY,Welcome@123,Welcome@123
2020.11.24.11.48.51,SD31164544,Subafewhew,dunga,lobe,Dubey,Pandey,ashish,abhishek,323M/43M/fbbfjs,Koramnagala, 5th cross,342352,Ping66539@gmail.com,4469076029,Mybank,Mybranch,556698944334,PANQR4413L,SBIN0000451,27PANQR4413L1Z1,112262741828,TimSFNHP,Welcome@123,Welcome@123
2020.11.24.11.49.33,SD31164544,Subhhhewr,dunga,lobe,Dubey,Pandey,ashish,abhishek,323M/43M/fbbfjs,Koramnagala, 5th cross,342352,Green54109@bt.com,4445725676,Mybank,Mybranch,556636012195,PANQI1674I,SBIN0000452,27PANQI1674I1Z1,112246207093,KimHIJKH,Welcome@123,Welcome@123
2020.11.24.11.50.29,SD31164544,Sufiditghrr,dunga,lobe,Dubey,Pandey,ashish,abhishek,323M/43M/fbbfjs,Koramnagala, 5th cross,342352,Shaik64525@bt.com,4499979316,Mybank,Mybranch,556660147963,PANQQ2438A,SBIN0000453,27PANQQ2438A1Z1,112279903434,PingUIXKM,Welcome@123,Welcome@123
2020.11.24.11.51.14,SD31164544,Subhfdhijerrie,dunga,lobe,Dubey,Pandey,ashish,abhishek,323M/43M/fbbfjs,Koramnagala, 5th cross,342352,Shaik57705@hotmail.com,4441244101,Mybank,Mybranch,556650003494,PANQD3360L,SBIN0000454,27PANQD3360L1Z1,112243983026,ChingPLLXJ,Welcome@123,Welcome@123
2020.11.24.11.51.58,SD31164544,Subhdhdtrrs,dunga,lobe,Dubey,Pandey,ashish,abhishek,323M/43M/fbbfjs,Koramnagala, 5th cross,342352,Abdul87137@hotmail.com,4452071162,Mybank,Mybranch,556675226849,PANQM6151V,SBIN0000455,27PANQM6151V1Z1,112219321712,PaajiNJXRI,Welcome@123,Welcome@123
2020.11.24.11.53.39,SD31164544,Subasfhfdh,dunga,lobe,Dubey,Pandey,ashish,abhishek,323M/43M/fbbfjs,Koramnagala, 5th cross,342352,Laam22190@live.com,4493342893,Mybank,Mybranch,556692396802,PANQA8037M,SBIN0000444,27PANQA8037M1Z1,112273557437,TimWZXNM,Welcome@123,Welcome@123
2020.11.24.11.55.34,SD31164544,Subasfhfdh,dunga,lobe,Dubey,Pandey,ashish,abhishek,323M/43M/fbbfjs,Koramnagala, 5th cross,342352,Ping11761@outlook.com,4455258332,Mybank,Mybranch,556622525435,PANQU8976O,SBIN0000444,27PANQU8976O1Z1,112256947656,RaoSHXRL,Welcome@123,Welcome@123
2020.11.24.11.56.31,SD31164544,Subashehhchr,dunga,lobe,Dubey,Pandey,ashish,abhishek,323M/43M/fbbfjs,Koramnagala, 5th cross,342352,Abdul91001@outlook.com,4421428907,Mybank,Mybranch,556640432472,PANQM7295Q,SBIN0000445,27PANQM7295Q1Z1,112278799363,BhaiLWBPI,Welcome@123,Welcome@123
2020.11.24.11.58.36,SD31164544,Subasfhfdh,dunga,lobe,Dubey,Pandey,ashish,abhishek,323M/43M/fbbfjs,Koramnagala, 5th cross,342352,John35740@live.com,4439338935,Mybank,Mybranch,556617164442,PANQC7208S,SBIN0000444,27PANQC7208S1Z1,112223103377,BhaiXBHZS,Welcome@123,Welcome@123
2020.11.24.11.59.22,SD31164544,Subashehhchr,dunga,lobe,Dubey,Pandey,ashish,abhishek,323M/43M/fbbfjs,Koramnagala, 5th cross,342352,Laam25427@hotmail.com,4429358970,Mybank,Mybranch,556648915838,PANQE8207J,SBIN0000445,27PANQE8207J1Z1,112269344296,ReddyYOOIK,Welcome@123,Welcome@123
2020.11.24.12.00.01,SD31164544,Subasrdhdhd,dunga,lobe,Dubey,Pandey,ashish,abhishek,323M/43M/fbbfjs,Koramnagala, 5th cross,342352,Paaji27320@yahoo.co.uk,4495116949,Mybank,Mybranch,556685264583,PANQL7155H,SBIN0000446,27PANQL7155H1Z1,112291323562,JohnFFMBW,Welcome@123,Welcome@123
2020.11.24.12.00.47,SD31164544,Subasherssjs,dunga,lobe,Dubey,Pandey,ashish,abhishek,323M/43M/fbbfjs,Koramnagala, 5th cross,342352,Green82870@hotmail.com,4421772861,Mybank,Mybranch,556617315894,PANQR8021E,SBIN0000447,27PANQR8021E1Z1,112295908565,TimBTXQP,Welcome@123,Welcome@123
2020.11.24.12.01.32,SD31164544,Subashgdgsjs,dunga,lobe,Dubey,Pandey,ashish,abhishek,323M/43M/fbbfjs,Koramnagala, 5th cross,342352,Rao69541@hotmail.com,4476655654,Mybank,Mybranch,556685433544,PANQX1386Z,SBIN0000448,27PANQX1386Z1Z1,112284691735,ShaikLXCWN,Welcome@123,Welcome@123
2020.11.24.12.02.14,SD31164544,Subasgjgjses,dunga,lobe,Dubey,Pandey,ashish,abhishek,323M/43M/fbbfjs,Koramnagala, 5th cross,342352,Green92229@bt.com,4459817333,Mybank,Mybranch,556620893595,PANQI6362F,SBIN0000449,27PANQI6362F1Z1,112243868217,PingHAPXG,Welcome@123,Welcome@123
2020.11.24.12.02.55,SD31164544,Subaggsjr,dunga,lobe,Dubey,Pandey,ashish,abhishek,323M/43M/fbbfjs,Koramnagala, 5th cross,342352,Shaik93537@live.com,4496828228,Mybank,Mybranch,556652137939,PANQK7431P,SBIN0000450,27PANQK7431P1Z1,112220481560,RaoODDQD,Welcome@123,Welcome@123
2020.11.24.12.03.36,SD31164544,Subafewhew,dunga,lobe,Dubey,Pandey,ashish,abhishek,323M/43M/fbbfjs,Koramnagala, 5th cross,342352,Lee68347@outlook.com,4453507057,Mybank,Mybranch,556653289205,PANQL1292D,SBIN0000451,27PANQL1292D1Z1,112244211810,AbdulLSYLN,Welcome@123,Welcome@123
2020.11.24.12.05.48,SD31164544,Subasfhfdh,dunga,lobe,Dubey,Pandey,ashish,abhishek,323M/43M/fbbfjs,Koramnagala, 5th cross,342352,Kim47558@gmail.com,4443844237,Mybank,Mybranch,556637016966,PANQA2626A,SBIN0000444,27PANQA2626A1Z1,112298237958,RaoDPMGT,Welcome@123,Welcome@123
2020.11.24.12.06.32,SD31164544,Subashehhchr,dunga,lobe,Dubey,Pandey,ashish,abhishek,323M/43M/fbbfjs,Koramnagala, 5th cross,342352,Khan54575@yahoo.co.uk,4419612521,Mybank,Mybranch,556666558884,PANQK6887F,SBIN0000445,27PANQK6887F1Z1,112281424713,KhanKAZTY,Welcome@123,Welcome@123
2020.11.24.12.07.17,SD31164544,Subasrdhdhd,dunga,lobe,Dubey,Pandey,ashish,abhishek,323M/43M/fbbfjs,Koramnagala, 5th cross,342352,Lee84013@bt.com,4494027915,Mybank,Mybranch,556618039334,PANQC6622D,SBIN0000446,27PANQC6622D1Z1,112277301858,AbdulWJDJF,Welcome@123,Welcome@123
2020.11.24.12.09.06,SD31164544,Subasfhfdh,dunga,lobe,Dubey,Pandey,ashish,abhishek,323M/43M/fbbfjs,Koramnagala, 5th cross,342352,Kim60653@hotmail.com,4442009577,Mybank,Mybranch,556698327501,PANQY5654Y,SBIN0000444,27PANQY5654Y1Z1,112262479688,ShaikHZCGF,Welcome@123,Welcome@123
2020.11.24.12.09.52,SD31164544,Subashehhchr,dunga,lobe,Dubey,Pandey,ashish,abhishek,323M/43M/fbbfjs,Koramnagala, 5th cross,342352,Lee73462@aol.com,4460946605,Mybank,Mybranch,556631444659,PANQE9503C,SBIN0000445,27PANQE9503C1Z1,112252386370,JohnWBBEY,Welcome@123,Welcome@123
2020.11.24.12.10.37,SD31164544,Subasrdhdhd,dunga,lobe,Dubey,Pandey,ashish,abhishek,323M/43M/fbbfjs,Koramnagala, 5th cross,342352,Reddy46777@aol.com,4496079169,Mybank,Mybranch,556669019454,PANQI7772L,SBIN0000446,27PANQI7772L1Z1,112296018361,RaoJIPZD,Welcome@123,Welcome@123
2020.11.24.12.11.33,SD31164544,Subasherssjs,dunga,lobe,Dubey,Pandey,ashish,abhishek,323M/43M/fbbfjs,Koramnagala, 5th cross,342352,Tim90549@hotmail.com,4440323592,Mybank,Mybranch,556694411206,PANQX9993F,SBIN0000447,27PANQX9993F1Z1,112223157692,BhaiGASBH,Welcome@123,Welcome@123
2020.11.24.12.12.16,SD31164544,Subashgdgsjs,dunga,lobe,Dubey,Pandey,ashish,abhishek,323M/43M/fbbfjs,Koramnagala, 5th cross,342352,Bhai22810@yahoo.co.uk,4426684477,Mybank,Mybranch,556634102329,PANQT6964F,SBIN0000448,27PANQT6964F1Z1,112217916948,JohnWESGY,Welcome@123,Welcome@123
2020.11.24.12.13.00,SD31164544,Subasgjgjses,dunga,lobe,Dubey,Pandey,ashish,abhishek,323M/43M/fbbfjs,Koramnagala, 5th cross,342352,Khan78782@bt.com,4475711956,Mybank,Mybranch,556692855336,PANQL2002A,SBIN0000449,27PANQL2002A1Z1,112247026307,LaamNLPXG,Welcome@123,Welcome@123
2020.11.24.12.13.44,SD31164544,Subaggsjr,dunga,lobe,Dubey,Pandey,ashish,abhishek,323M/43M/fbbfjs,Koramnagala, 5th cross,342352,Green86436@bt.com,4491574439,Mybank,Mybranch,556698422237,PANQN5457Z,SBIN0000450,27PANQN5457Z1Z1,112285798655,PaajiQEKPA,Welcome@123,Welcome@123
2020.11.26.17.18.52,SD31164544,Subasfhfdh,dunga,lobe,Dubey,Pandey,ashish,abhishek,323M/43M/fbbfjs,Koramnagala, 5th cross,342352,Anna29909@gmail.com,4488963592,Mybank,Mybranch,556669207713,PANQT1308U,SBIN0000444,27PANQT1308U1Z1,112244288868,LaamLOXKH,Welcome@123,Welcome@123
2020.11.26.17.19.36,SD31164544,Subashehhchr,dunga,lobe,Dubey,Pandey,ashish,abhishek,323M/43M/fbbfjs,Koramnagala, 5th cross,342352,Tim94684@yahoo.co.uk,4443451012,Mybank,Mybranch,556622346380,PANQS4611L,SBIN0000445,27PANQS4611L1Z1,112256007318,ReddyEADEW,Welcome@123,Welcome@123
2020.11.26.17.20.17,SD31164544,Subasrdhdhd,dunga,lobe,Dubey,Pandey,ashish,abhishek,323M/43M/fbbfjs,Koramnagala, 5th cross,342352,John40383@gmail.com,4430012335,Mybank,Mybranch,556691143191,PANQW1930H,SBIN0000446,27PANQW1930H1Z1,112234669979,ShaikDGGMI,Welcome@123,Welcome@123
2020.11.26.17.21.00,SD31164544,Subasherssjs,dunga,lobe,Dubey,Pandey,ashish,abhishek,323M/43M/fbbfjs,Koramnagala, 5th cross,342352,Ching67445@aol.com,4434965558,Mybank,Mybranch,556634484036,PANQR2388D,SBIN0000447,27PANQR2388D1Z1,112277028139,LaamXQANH,Welcome@123,Welcome@123
2020.11.26.17.21.41,SD31164544,Subashgdgsjs,dunga,lobe,Dubey,Pandey,ashish,abhishek,323M/43M/fbbfjs,Koramnagala, 5th cross,342352,Khan12757@gmail.com,4481441461,Mybank,Mybranch,556689946164,PANQU2721A,SBIN0000448,27PANQU2721A1Z1,112259668415,OsbornGRSLF,Welcome@123,Welcome@123
2020.11.26.17.22.24,SD31164544,Subasgjgjses,dunga,lobe,Dubey,Pandey,ashish,abhishek,323M/43M/fbbfjs,Koramnagala, 5th cross,342352,John65655@gmail.com,4426409414,Mybank,Mybranch,556698632710,PANQJ3883G,SBIN0000449,27PANQJ3883G1Z1,112277566376,RaoNEWWQ,Welcome@123,Welcome@123
2020.11.26.17.24.01,SD31164544,Subasfhfdh,dunga,lobe,Dubey,Pandey,ashish,abhishek,323M/43M/fbbfjs,Koramnagala, 5th cross,342352,Paaji92214@outlook.com,4417773379,Mybank,Mybranch,556655151898,PANQS8334Q,SBIN0000444,27PANQS8334Q1Z1,112252031442,RaoVDDNL,Welcome@123,Welcome@123
2020.11.26.17.24.42,SD31164544,Subashehhchr,dunga,lobe,Dubey,Pandey,ashish,abhishek,323M/43M/fbbfjs,Koramnagala, 5th cross,342352,Abdul94136@outlook.com,4443352395,Mybank,Mybranch,556645706733,PANQY5099J,SBIN0000445,27PANQY5099J1Z1,112247363444,PaajiMORBL,Welcome@123,Welcome@123
2020.11.27.14.48.04,SD31164544,Subasfhfdh,dunga,lobe,Dubey,Pandey,ashish,abhishek,323M/43M/fbbfjs,Koramnagala, 5th cross,342352,Reddy78590@bt.com,4472989255,Mybank,Mybranch,556692965324,PANQW4390V,SBIN0000444,27PANQW4390V1Z1,112271567999,TimPMGLE,Welcome@123,Welcome@123
2020.11.27.14.48.45,SD31164544,Subashehhchr,dunga,lobe,Dubey,Pandey,ashish,abhishek,323M/43M/fbbfjs,Koramnagala, 5th cross,342352,Ping12626@bt.com,4497429072,Mybank,Mybranch,556691742307,PANQC3734M,SBIN0000445,27PANQC3734M1Z1,112212095772,JohnKVKCV,Welcome@123,Welcome@123
2020.11.27.14.49.28,SD31164544,Subasrdhdhd,dunga,lobe,Dubey,Pandey,ashish,abhishek,323M/43M/fbbfjs,Koramnagala, 5th cross,342352,Kim59686@yahoo.co.uk,4479747113,Mybank,Mybranch,556678816350,PANQQ4811E,SBIN0000446,27PANQQ4811E1Z1,112268574876,GreenBJLUJ,Welcome@123,Welcome@123
2020.11.27.14.50.08,SD31164544,Subasherssjs,dunga,lobe,Dubey,Pandey,ashish,abhishek,323M/43M/fbbfjs,Koramnagala, 5th cross,342352,Osborn99854@hotmail.com,4451256304,Mybank,Mybranch,556673933154,PANQC6685Q,SBIN0000447,27PANQC6685Q1Z1,112280442442,PingOESBC,Welcome@123,Welcome@123
2020.11.27.14.50.49,SD31164544,Subashgdgsjs,dunga,lobe,Dubey,Pandey,ashish,abhishek,323M/43M/fbbfjs,Koramnagala, 5th cross,342352,Laam20926@outlook.com,4485281428,Mybank,Mybranch,556630316869,PANQP4518I,SBIN0000448,27PANQP4518I1Z1,112217637437,JohnPIXWO,Welcome@123,Welcome@123
2020.11.27.14.51.31,SD31164544,Subasgjgjses,dunga,lobe,Dubey,Pandey,ashish,abhishek,323M/43M/fbbfjs,Koramnagala, 5th cross,342352,Reddy48281@live.com,4487301064,Mybank,Mybranch,556652289310,PANQU4352H,SBIN0000449,27PANQU4352H1Z1,112253893199,KhanIYFDW,Welcome@123,Welcome@123
2020.11.27.14.52.11,SD31164544,Subaggsjr,dunga,lobe,Dubey,Pandey,ashish,abhishek,323M/43M/fbbfjs,Koramnagala, 5th cross,342352,Abdul49749@live.com,4452824005,Mybank,Mybranch,556643741050,PANQM1011P,SBIN0000450,27PANQM1011P1Z1,112230781625,PingRLBGL,Welcome@123,Welcome@123
2020.11.27.14.52.54,SD31164544,Subafewhew,dunga,lobe,Dubey,Pandey,ashish,abhishek,323M/43M/fbbfjs,Koramnagala, 5th cross,342352,Paaji68620@aol.com,4479071248,Mybank,Mybranch,556689471368,PANQQ8777P,SBIN0000451,27PANQQ8777P1Z1,112263739165,PaajiVLWCG,Welcome@123,Welcome@123
2020.12.11.12.48.23,SD31164544,Subasfhfdh,dunga,lobe,Dubey,Pandey,ashish,abhishek,323M/43M/fbbfjs,Koramnagala, 5th cross,342352,Abdul10640@yahoo.co.uk,4412255016,Mybank,Mybranch,556655446172,PANQM2495L,SBIN0000444,27PANQM2495L1Z1,112275036936,RaoVZLAW,Welcome@123,Welcome@123
2020.12.11.12.49.05,SD31164544,Subashehhchr,dunga,lobe,Dubey,Pandey,ashish,abhishek,323M/43M/fbbfjs,Koramnagala, 5th cross,342352,Green31279@hotmail.com,4412866698,Mybank,Mybranch,556625454441,PANQL1220J,SBIN0000445,27PANQL1220J1Z1,112270135671,AbdulZBSIC,Welcome@123,Welcome@123
2020.12.11.12.49.44,SD31164544,Subasrdhdhd,dunga,lobe,Dubey,Pandey,ashish,abhishek,323M/43M/fbbfjs,Koramnagala, 5th cross,342352,Green93465@hotmail.com,4428271620,Mybank,Mybranch,556672294704,PANQB8110R,SBIN0000446,27PANQB8110R1Z1,112294393618,KhanRBECY,Welcome@123,Welcome@123
2020.12.11.12.50.26,SD31164544,Subasherssjs,dunga,lobe,Dubey,Pandey,ashish,abhishek,323M/43M/fbbfjs,Koramnagala, 5th cross,342352,Green16064@outlook.com,4491108991,Mybank,Mybranch,556699254530,PANQZ6657F,SBIN0000447,27PANQZ6657F1Z1,112294221851,LeeGKOQE,Welcome@123,Welcome@123
2020.12.11.12.51.10,SD31164544,Subashgdgsjs,dunga,lobe,Dubey,Pandey,ashish,abhishek,323M/43M/fbbfjs,Koramnagala, 5th cross,342352,Laam83550@yahoo.co.uk,4416529667,Mybank,Mybranch,556692615901,PANQV8524U,SBIN0000448,27PANQV8524U1Z1,112263226403,ChingMGFIS,Welcome@123,Welcome@123
2020.12.11.13.40.37,SD31164544,Subasfhfdh,dunga,lobe,Dubey,Pandey,ashish,abhishek,323M/43M/fbbfjs,Koramnagala, 5th cross,342352,Lee54736@gmail.com,4435197723,Mybank,Mybranch,556653692510,PANQG1994U,SBIN0000444,27PANQG1994U1Z1,112265435512,ReddyYRKHU,Welcome@123,Welcome@123
2020.12.11.13.43.27,SD31164544,Subasfhfdh,dunga,lobe,Dubey,Pandey,ashish,abhishek,323M/43M/fbbfjs,Koramnagala, 5th cross,342352,Anna34348@outlook.com,4431751610,Mybank,Mybranch,556619063816,PANQL3318C,SBIN0000444,27PANQL3318C1Z1,112280234157,ChingREVDC,Welcome@123,Welcome@123
2020.12.11.13.44.09,SD31164544,Subashehhchr,dunga,lobe,Dubey,Pandey,ashish,abhishek,323M/43M/fbbfjs,Koramnagala, 5th cross,342352,Shaik35967@outlook.com,4438105049,Mybank,Mybranch,556691752954,PANQH3360V,SBIN0000445,27PANQH3360V1Z1,112233892094,ChingWXDLJ,Welcome@123,Welcome@123
2020.12.11.13.44.54,SD31164544,Subasrdhdhd,dunga,lobe,Dubey,Pandey,ashish,abhishek,323M/43M/fbbfjs,Koramnagala, 5th cross,342352,Kim49784@outlook.com,4488778935,Mybank,Mybranch,556693254936,PANQN7259K,SBIN0000446,27PANQN7259K1Z1,112241664746,PingJKUEA,Welcome@123,Welcome@123
2020.12.11.13.45.37,SD31164544,Subasherssjs,dunga,lobe,Dubey,Pandey,ashish,abhishek,323M/43M/fbbfjs,Koramnagala, 5th cross,342352,John20250@yahoo.co.uk,4431648521,Mybank,Mybranch,556624015315,PANQJ5066W,SBIN0000447,27PANQJ5066W1Z1,112265486337,KimMINDH,Welcome@123,Welcome@123
2020.12.11.13.46.20,SD31164544,Subashgdgsjs,dunga,lobe,Dubey,Pandey,ashish,abhishek,323M/43M/fbbfjs,Koramnagala, 5th cross,342352,Anna16692@gmail.com,4450794102,Mybank,Mybranch,556698936279,PANQY6127K,SBIN0000448,27PANQY6127K1Z1,112264925713,PingSRAFD,Welcome@123,Welcome@123
2020.12.11.13.47.04,SD31164544,Subasgjgjses,dunga,lobe,Dubey,Pandey,ashish,abhishek,323M/43M/fbbfjs,Koramnagala, 5th cross,342352,Bhai63434@hotmail.com,4460057270,Mybank,Mybranch,556667601598,PANQA9678W,SBIN0000449,27PANQA9678W1Z1,112218034070,OsbornXHEHK,Welcome@123,Welcome@123
2020.12.11.13.47.45,SD31164544,Subaggsjr,dunga,lobe,Dubey,Pandey,ashish,abhishek,323M/43M/fbbfjs,Koramnagala, 5th cross,342352,Shaik83628@live.com,4479681552,Mybank,Mybranch,556675285651,PANQU4734U,SBIN0000450,27PANQU4734U1Z1,112255771959,GreenCUPXX,Welcome@123,Welcome@123
2020.12.11.13.48.26,SD31164544,Subafewhew,dunga,lobe,Dubey,Pandey,ashish,abhishek,323M/43M/fbbfjs,Koramnagala, 5th cross,342352,Kim60682@yahoo.co.uk,4476058403,Mybank,Mybranch,556661184347,PANQM4438D,SBIN0000451,27PANQM4438D1Z1,112281928303,JohnNTWHZ,Welcome@123,Welcome@123
2020.12.12.11.23.31,SD31164544,Subasfhfdh,dunga,lobe,Dubey,Pandey,ashish,abhishek,323M/43M/fbbfjs,Koramnagala, 5th cross,342352,Shaik76284@bt.com,4475281816,Mybank,Mybranch,556699171230,PANQA8343U,SBIN0000444,27PANQA8343U1Z1,112277461079,OsbornJZLSW,Welcome@123,Welcome@123
2020.12.12.11.24.16,SD31164544,Subashehhchr,dunga,lobe,Dubey,Pandey,ashish,abhishek,323M/43M/fbbfjs,Koramnagala, 5th cross,342352,Bhai32663@live.com,4411965288,Mybank,Mybranch,556660792168,PANQM1057Y,SBIN0000445,27PANQM1057Y1Z1,112278068646,BhaiCEYVA,Welcome@123,Welcome@123
2020.12.12.11.25.02,SD31164544,Subasrdhdhd,dunga,lobe,Dubey,Pandey,ashish,abhishek,323M/43M/fbbfjs,Koramnagala, 5th cross,342352,Laam60327@outlook.com,4465976146,Mybank,Mybranch,556665191840,PANQH5267N,SBIN0000446,27PANQH5267N1Z1,112232552506,RaoSZXVR,Welcome@123,Welcome@123
2020.12.12.11.25.46,SD31164544,Subasherssjs,dunga,lobe,Dubey,Pandey,ashish,abhishek,323M/43M/fbbfjs,Koramnagala, 5th cross,342352,Bhai60809@hotmail.com,4481007304,Mybank,Mybranch,556692367372,PANQC3549Q,SBIN0000447,27PANQC3549Q1Z1,112241313176,KimASUAU,Welcome@123,Welcome@123
2020.12.12.11.26.26,SD31164544,Subashgdgsjs,dunga,lobe,Dubey,Pandey,ashish,abhishek,323M/43M/fbbfjs,Koramnagala, 5th cross,342352,Anna52224@gmail.com,4455682320,Mybank,Mybranch,556661798573,PANQW9707S,SBIN0000448,27PANQW9707S1Z1,112247238780,LaamHJKPF,Welcome@123,Welcome@123
2020.12.12.11.27.11,SD31164544,Subasgjgjses,dunga,lobe,Dubey,Pandey,ashish,abhishek,323M/43M/fbbfjs,Koramnagala, 5th cross,342352,Ping24350@hotmail.com,4442672506,Mybank,Mybranch,556690781214,PANQE9088J,SBIN0000449,27PANQE9088J1Z1,112212426216,ShaikDEXEY,Welcome@123,Welcome@123
2020.12.12.11.28.02,SD31164544,Subaggsjr,dunga,lobe,Dubey,Pandey,ashish,abhishek,323M/43M/fbbfjs,Koramnagala, 5th cross,342352,Khan70154@outlook.com,4418432247,Mybank,Mybranch,556631173713,PANQC1565I,SBIN0000450,27PANQC1565I1Z1,112294462421,PaajiRKBEE,Welcome@123,Welcome@123
2020.12.12.11.28.57,SD31164544,Subafewhew,dunga,lobe,Dubey,Pandey,ashish,abhishek,323M/43M/fbbfjs,Koramnagala, 5th cross,342352,Rao96074@hotmail.com,4413169642,Mybank,Mybranch,556622561343,PANQT2463R,SBIN0000451,27PANQT2463R1Z1,112220645435,TimNGOYZ,Welcome@123,Welcome@123
2020.12.12.11.29.40,SD31164544,Subhhhewr,dunga,lobe,Dubey,Pandey,ashish,abhishek,323M/43M/fbbfjs,Koramnagala, 5th cross,342352,Bhai40182@outlook.com,4458674592,Mybank,Mybranch,556692149866,PANQP1738N,SBIN0000452,27PANQP1738N1Z1,112291658872,RaoRIDEK,Welcome@123,Welcome@123
2020.12.12.11.30.20,SD31164544,Sufiditghrr,dunga,lobe,Dubey,Pandey,ashish,abhishek,323M/43M/fbbfjs,Koramnagala, 5th cross,342352,Osborn84523@yahoo.co.uk,4475261192,Mybank,Mybranch,556655618533,PANQA5817J,SBIN0000453,27PANQA5817J1Z1,112289295194,JohnTIKDD,Welcome@123,Welcome@123
2020.12.17.14.20.53,SD57181923,Subasfhfdh,dunga,lobe,Dubey,Pandey,ashish,abhishek,323M/43M/fbbfjs,Koramnagala, 5th cross,342352,Ping13624@hotmail.com,4494398210,Mybank,Mybranch,556629511033,PANQZ2969G,SBIN0000444,27PANQZ2969G1Z1,112279327895,OsbornUMWLO,Welcome@123,Welcome@123
2020.12.17.14.23.15,SD57181923,Subasfhfdh,dunga,lobe,Dubey,Pandey,ashish,abhishek,323M/43M/fbbfjs,Koramnagala, 5th cross,342352,Shaik90161@hotmail.com,4428438449,Mybank,Mybranch,556621091933,PANQW7428K,SBIN0000444,27PANQW7428K1Z1,112260062044,ReddyRCXZZ,Welcome@123,Welcome@123
2020.12.17.14.23.56,SD57181923,Subashehhchr,dunga,lobe,Dubey,Pandey,ashish,abhishek,323M/43M/fbbfjs,Koramnagala, 5th cross,342352,John83007@hotmail.com,4448791320,Mybank,Mybranch,556651815504,PANQE5904E,SBIN0000445,27PANQE5904E1Z1,112248678839,ShaikYKKUF,Welcome@123,Welcome@123
2020.12.17.14.24.39,SD57181923,Subasrdhdhd,dunga,lobe,Dubey,Pandey,ashish,abhishek,323M/43M/fbbfjs,Koramnagala, 5th cross,342352,Bhai20792@bt.com,4470136526,Mybank,Mybranch,556635749453,PANQQ2426E,SBIN0000446,27PANQQ2426E1Z1,112296103232,AbdulUFNOZ,Welcome@123,Welcome@123
2020.12.17.14.25.22,SD57181923,Subasherssjs,dunga,lobe,Dubey,Pandey,ashish,abhishek,323M/43M/fbbfjs,Koramnagala, 5th cross,342352,Bhai92251@yahoo.co.uk,4473855698,Mybank,Mybranch,556683824602,PANQT2839X,SBIN0000447,27PANQT2839X1Z1,112276136466,KhanRVGVE,Welcome@123,Welcome@123
2020.12.17.14.26.04,SD57181923,Subashgdgsjs,dunga,lobe,Dubey,Pandey,ashish,abhishek,323M/43M/fbbfjs,Koramnagala, 5th cross,342352,Tim14898@bt.com,4447537712,Mybank,Mybranch,556690117940,PANQW8867S,SBIN0000448,27PANQW8867S1Z1,112251955564,KhanTNBGY,Welcome@123,Welcome@123
2020.12.17.14.26.46,SD57181923,Subasgjgjses,dunga,lobe,Dubey,Pandey,ashish,abhishek,323M/43M/fbbfjs,Koramnagala, 5th cross,342352,Laam58059@live.com,4499201159,Mybank,Mybranch,556648029093,PANQU7976Z,SBIN0000449,27PANQU7976Z1Z1,112243372484,RaoHRDCS,Welcome@123,Welcome@123
2020.12.17.14.27.34,SD57181923,Subaggsjr,dunga,lobe,Dubey,Pandey,ashish,abhishek,323M/43M/fbbfjs,Koramnagala, 5th cross,342352,Khan51765@outlook.com,4466502614,Mybank,Mybranch,556646202666,PANQD9697G,SBIN0000450,27PANQD9697G1Z1,112243062927,AbdulUZGHO,Welcome@123,Welcome@123
2020.12.17.14.28.18,SD57181923,Subafewhew,dunga,lobe,Dubey,Pandey,ashish,abhishek,323M/43M/fbbfjs,Koramnagala, 5th cross,342352,Ping91736@live.com,4416614458,Mybank,Mybranch,556670722257,PANQJ3652P,SBIN0000451,27PANQJ3652P1Z1,112256373871,AbdulUCOYZ,Welcome@123,Welcome@123
2020.12.17.14.28.57,SD57181923,Subhhhewr,dunga,lobe,Dubey,Pandey,ashish,abhishek,323M/43M/fbbfjs,Koramnagala, 5th cross,342352,Abdul37907@aol.com,4447287404,Mybank,Mybranch,556650009496,PANQS3562Y,SBIN0000452,27PANQS3562Y1Z1,112237209418,TimCMHSM,Welcome@123,Welcome@123
2020.12.17.14.29.37,SD31164544,Sufiditghrr,dunga,lobe,Dubey,Pandey,ashish,abhishek,323M/43M/fbbfjs,Koramnagala, 5th cross,342352,Anna90492@bt.com,4432071315,Mybank,Mybranch,556678885747,PANQV6469S,SBIN0000453,27PANQV6469S1Z1,112213711003,TimVGMSY,Welcome@123,Welcome@123
2020.12.17.14.30.19,SD31164544,Subhfdhijerrie,dunga,lobe,Dubey,Pandey,ashish,abhishek,323M/43M/fbbfjs,Koramnagala, 5th cross,342352,Lee82728@aol.com,4478059473,Mybank,Mybranch,556641807291,PANQQ6614V,SBIN0000454,27PANQQ6614V1Z1,112295717366,ShaikLMCOG,Welcome@123,Welcome@123
2020.12.17.14.31.07,SD31164544,Subhdhdtrrs,dunga,lobe,Dubey,Pandey,ashish,abhishek,323M/43M/fbbfjs,Koramnagala, 5th cross,342352,Tim30062@hotmail.com,4470565702,Mybank,Mybranch,556660746443,PANQP6620X,SBIN0000455,27PANQP6620X1Z1,112224977561,AnnaCJNDQ,Welcome@123,Welcome@123
2020.12.17.16.26.22,SD31164544,Subasfhfdh,dunga,lobe,Dubey,Pandey,ashish,abhishek,323M/43M/fbbfjs,Koramnagala, 5th cross,342352,Tim74840@outlook.com,4474017585,Mybank,Mybranch,556676191191,PANQV5771H,SBIN0000444,27PANQV5771H1Z1,112232249121,PaajiWIEYA,Welcome@123,Welcome@123
2020.12.17.16.27.02,SD31164544,Subashehhchr,dunga,lobe,Dubey,Pandey,ashish,abhishek,323M/43M/fbbfjs,Koramnagala, 5th cross,342352,Green15439@live.com,4470866936,Mybank,Mybranch,556680046089,PANQS2962P,SBIN0000445,27PANQS2962P1Z1,112241193537,AbdulHNYQW,Welcome@123,Welcome@123
2020.12.17.16.27.40,SD31164544,Subasrdhdhd,dunga,lobe,Dubey,Pandey,ashish,abhishek,323M/43M/fbbfjs,Koramnagala, 5th cross,342352,Kim46812@hotmail.com,4492878978,Mybank,Mybranch,556614392551,PANQU6208Y,SBIN0000446,27PANQU6208Y1Z1,112213793202,ReddyVWFWT,Welcome@123,Welcome@123
2020.12.17.16.28.23,SD31164544,Subasherssjs,dunga,lobe,Dubey,Pandey,ashish,abhishek,323M/43M/fbbfjs,Koramnagala, 5th cross,342352,Ping64502@hotmail.com,4454951824,Mybank,Mybranch,556651445139,PANQX8468B,SBIN0000447,27PANQX8468B1Z1,112259612642,KimMTEXO,Welcome@123,Welcome@123
2020.12.17.16.29.04,SD31164544,Subashgdgsjs,dunga,lobe,Dubey,Pandey,ashish,abhishek,323M/43M/fbbfjs,Koramnagala, 5th cross,342352,Reddy61749@aol.com,4476906505,Mybank,Mybranch,556650684699,PANQG7447E,SBIN0000448,27PANQG7447E1Z1,112261043858,KimVSJKM,Welcome@123,Welcome@123
2020.12.17.16.29.45,SD31164544,Subasgjgjses,dunga,lobe,Dubey,Pandey,ashish,abhishek,323M/43M/fbbfjs,Koramnagala, 5th cross,342352,Tim90311@gmail.com,4428162053,Mybank,Mybranch,556631357473,PANQU9914F,SBIN0000449,27PANQU9914F1Z1,112274082379,PingQUBPF,Welcome@123,Welcome@123
2020.12.17.16.30.31,SD31164544,Subaggsjr,dunga,lobe,Dubey,Pandey,ashish,abhishek,323M/43M/fbbfjs,Koramnagala, 5th cross,342352,Anna22685@live.com,4429997596,Mybank,Mybranch,556693154387,PANQZ5967Q,SBIN0000450,27PANQZ5967Q1Z1,112290441834,PaajiDCVDO,Welcome@123,Welcome@123
2020.12.17.16.31.13,SD31164544,Subafewhew,dunga,lobe,Dubey,Pandey,ashish,abhishek,323M/43M/fbbfjs,Koramnagala, 5th cross,342352,Osborn45467@gmail.com,4434113751,Mybank,Mybranch,556612893182,PANQB1134F,SBIN0000451,27PANQB1134F1Z1,112292854359,LeeLCHWQ,Welcome@123,Welcome@123
2020.12.17.16.31.53,SD31164544,Subhhhewr,dunga,lobe,Dubey,Pandey,ashish,abhishek,323M/43M/fbbfjs,Koramnagala, 5th cross,342352,Reddy97724@live.com,4414764541,Mybank,Mybranch,556666814024,PANQK5249G,SBIN0000452,27PANQK5249G1Z1,112261921464,KimBJINU,Welcome@123,Welcome@123
2020.12.17.16.32.33,SD31164544,Sufiditghrr,dunga,lobe,Dubey,Pandey,ashish,abhishek,323M/43M/fbbfjs,Koramnagala, 5th cross,342352,Kim39647@live.com,4427552020,Mybank,Mybranch,556645359847,PANQQ4447O,SBIN0000453,27PANQQ4447O1Z1,112241687545,GreenOIAZD,Welcome@123,Welcome@123
2020.12.17.16.33.13,SD31164544,Subhfdhijerrie,dunga,lobe,Dubey,Pandey,ashish,abhishek,323M/43M/fbbfjs,Koramnagala, 5th cross,342352,Paaji96041@bt.com,4436182711,Mybank,Mybranch,556687512682,PANQI9653L,SBIN0000454,27PANQI9653L1Z1,112223135528,AbdulTWAMN,Welcome@123,Welcome@123
2020.12.17.16.33.51,SD31164544,Subhdhdtrrs,dunga,lobe,Dubey,Pandey,ashish,abhishek,323M/43M/fbbfjs,Koramnagala, 5th cross,342352,Ping77567@hotmail.com,4480295760,Mybank,Mybranch,556627976366,PANQV5756A,SBIN0000455,27PANQV5756A1Z1,112251937255,GreenBEXLX,Welcome@123,Welcome@123
2020.12.18.11.28.49,SD57181923,Subasfhfdh,dunga,lobe,Dubey,Pandey,ashish,abhishek,323M/43M/fbbfjs,Koramnagala, 5th cross,342352,Khan50793@bt.com,4483896437,Mybank,Mybranch,556670953915,PANQS3502O,SBIN0000444,27PANQS3502O1Z1,112210877822,KimYCTCV,Welcome@123,Welcome@123
2020.12.18.11.29.32,SD57181923,Subashehhchr,dunga,lobe,Dubey,Pandey,ashish,abhishek,323M/43M/fbbfjs,Koramnagala, 5th cross,342352,Green72611@outlook.com,4483663547,Mybank,Mybranch,556698187742,PANQI6212T,SBIN0000445,27PANQI6212T1Z1,112229578041,OsbornKZISW,Welcome@123,Welcome@123
2020.12.18.11.30.14,SD57181923,Subasrdhdhd,dunga,lobe,Dubey,Pandey,ashish,abhishek,323M/43M/fbbfjs,Koramnagala, 5th cross,342352,Paaji67574@hotmail.com,4437791778,Mybank,Mybranch,556623981351,PANQQ4318Q,SBIN0000446,27PANQQ4318Q1Z1,112291004692,AbdulBKKGU,Welcome@123,Welcome@123
2020.12.18.11.30.57,SD57181923,Subasherssjs,dunga,lobe,Dubey,Pandey,ashish,abhishek,323M/43M/fbbfjs,Koramnagala, 5th cross,342352,Osborn89030@hotmail.com,4461645249,Mybank,Mybranch,556646006523,PANQE9622L,SBIN0000447,27PANQE9622L1Z1,112287532345,JohnSNQXV,Welcome@123,Welcome@123
2020.12.18.11.31.39,SD57181923,Subashgdgsjs,dunga,lobe,Dubey,Pandey,ashish,abhishek,323M/43M/fbbfjs,Koramnagala, 5th cross,342352,Ching28374@hotmail.com,4453158120,Mybank,Mybranch,556633184469,PANQA8273C,SBIN0000448,27PANQA8273C1Z1,112233035003,ShaikVSBRG,Welcome@123,Welcome@123
2020.12.18.11.32.21,SD57181923,Subasgjgjses,dunga,lobe,Dubey,Pandey,ashish,abhishek,323M/43M/fbbfjs,Koramnagala, 5th cross,342352,Lee12997@bt.com,4498537090,Mybank,Mybranch,556611926115,PANQB5548P,SBIN0000449,27PANQB5548P1Z1,112222729508,AbdulEPYMZ,Welcome@123,Welcome@123
2020.12.18.11.33.03,SD57181923,Subaggsjr,dunga,lobe,Dubey,Pandey,ashish,abhishek,323M/43M/fbbfjs,Koramnagala, 5th cross,342352,Abdul44811@hotmail.com,4415283337,Mybank,Mybranch,556673893359,PANQU5172O,SBIN0000450,27PANQU5172O1Z1,112218508302,GreenKRDHU,Welcome@123,Welcome@123
2020.12.18.11.33.45,SD57181923,Subafewhew,dunga,lobe,Dubey,Pandey,ashish,abhishek,323M/43M/fbbfjs,Koramnagala, 5th cross,342352,Tim68903@aol.com,4410153046,Mybank,Mybranch,556698297164,PANQV3137D,SBIN0000451,27PANQV3137D1Z1,112279473296,TimUNIVW,Welcome@123,Welcome@123
2020.12.18.11.34.27,SD57181923,Subhhhewr,dunga,lobe,Dubey,Pandey,ashish,abhishek,323M/43M/fbbfjs,Koramnagala, 5th cross,342352,Paaji20225@live.com,4485893541,Mybank,Mybranch,556657304613,PANQH2393P,SBIN0000452,27PANQH2393P1Z1,112229501703,AnnaHWGHM,Welcome@123,Welcome@123
2020.12.18.11.35.07,SD57181923,Sufiditghrr,dunga,lobe,Dubey,Pandey,ashish,abhishek,323M/43M/fbbfjs,Koramnagala, 5th cross,342352,Bhai48851@bt.com,4423771299,Mybank,Mybranch,556681134208,PANQI9343A,SBIN0000453,27PANQI9343A1Z1,112219969356,OsbornXBYBA,Welcome@123,Welcome@123
2020.12.18.11.35.49,SD57181923,Subhfdhijerrie,dunga,lobe,Dubey,Pandey,ashish,abhishek,323M/43M/fbbfjs,Koramnagala, 5th cross,342352,Laam89069@aol.com,4428615645,Mybank,Mybranch,556666663722,PANQL7404I,SBIN0000454,27PANQL7404I1Z1,112269879561,RaoYJHUM,Welcome@123,Welcome@123
2020.12.18.11.36.30,SD57181923,Subhdhdtrrs,dunga,lobe,Dubey,Pandey,ashish,abhishek,323M/43M/fbbfjs,Koramnagala, 5th cross,342352,Kim61519@live.com,4471174921,Mybank,Mybranch,556654214758,PANQR4222B,SBIN0000455,27PANQR4222B1Z1,112212231976,BhaiJOKYG,Welcome@123,Welcome@123
2020.12.18.14.42.00,SD64282021,Subasfhfdh,dunga,lobe,Dubey,Pandey,ashish,abhishek,323M/43M/fbbfjs,Koramnagala, 5th cross,342352,Ping23158@hotmail.com,4493041615,Mybank,Mybranch,556661284949,PANQN6281J,SBIN0000444,27PANQN6281J1Z1,112288764628,PingHEGXB,Welcome@123,Welcome@123
2020.12.18.14.42.43,SD64282021,Subashehhchr,dunga,lobe,Dubey,Pandey,ashish,abhishek,323M/43M/fbbfjs,Koramnagala, 5th cross,342352,Shaik94537@yahoo.co.uk,4449334185,Mybank,Mybranch,556680047675,PANQM9319A,SBIN0000445,27PANQM9319A1Z1,112251091964,TimJZOFH,Welcome@123,Welcome@123
2020.12.30.11.28.16,SD64282021,Subasfhfdh,dunga,lobe,Dubey,Pandey,ashish,abhishek,323M/43M/fbbfjs,Koramnagala, 5th cross,342352,Kim12366@hotmail.com,4443502059,Mybank,Mybranch,556694664786,PANQI6474O,SBIN0000444,27PANQI6474O1Z1,112271595269,LaamYPIFT,Welcome@123,Welcome@123
2020.12.30.11.29.10,SD64282021,Subashehhchr,dunga,lobe,Dubey,Pandey,ashish,abhishek,323M/43M/fbbfjs,Koramnagala, 5th cross,342352,Kim94065@aol.com,4427516577,Mybank,Mybranch,556666393683,PANQC3820J,SBIN0000445,27PANQC3820J1Z1,112218561569,AbdulHGOYL,Welcome@123,Welcome@123
2020.12.30.11.30.03,SD64282021,Subasrdhdhd,dunga,lobe,Dubey,Pandey,ashish,abhishek,323M/43M/fbbfjs,Koramnagala, 5th cross,342352,Kim94291@yahoo.co.uk,4435695283,Mybank,Mybranch,556636606553,PANQD8234Z,SBIN0000446,27PANQD8234Z1Z1,112295176092,BhaiWBICA,Welcome@123,Welcome@123
2020.12.30.11.30.55,SD57181923,Subasherssjs,dunga,lobe,Dubey,Pandey,ashish,abhishek,323M/43M/fbbfjs,Koramnagala, 5th cross,342352,Abdul26991@live.com,4468846628,Mybank,Mybranch,556623062610,PANQM9714P,SBIN0000447,27PANQM9714P1Z1,112229148040,AnnaNUFOR,Welcome@123,Welcome@123
2020.12.30.11.31.49,SD57181923,Subashgdgsjs,dunga,lobe,Dubey,Pandey,ashish,abhishek,323M/43M/fbbfjs,Koramnagala, 5th cross,342352,Green17795@outlook.com,4446119172,Mybank,Mybranch,556686753003,PANQQ1767Q,SBIN0000448,27PANQQ1767Q1Z1,112258455969,PaajiODDJY,Welcome@123,Welcome@123
2020.12.30.11.32.39,SD57181923,Subasgjgjses,dunga,lobe,Dubey,Pandey,ashish,abhishek,323M/43M/fbbfjs,Koramnagala, 5th cross,342352,Laam86746@aol.com,4411663115,Mybank,Mybranch,556668038327,PANQF2553K,SBIN0000449,27PANQF2553K1Z1,112250663591,PingJAGWA,Welcome@123,Welcome@123
2020.12.30.12.17.06,SD31164544,Subasherssjs,dunga,lobe,Dubey,Pandey,ashish,abhishek,323M/43M/fbbfjs,Koramnagala, 5th cross,342352,Paaji89583@bt.com,4480109793,Mybank,Mybranch,556636454583,PANQG4047B,SBIN0000447,27PANQG4047B1Z1,112262527880,KhanXTCGC,Welcome@123,Welcome@123
2020.12.30.12.17.48,SD31164544,Subashgdgsjs,dunga,lobe,Dubey,Pandey,ashish,abhishek,323M/43M/fbbfjs,Koramnagala, 5th cross,342352,Reddy52532@aol.com,4452282908,Mybank,Mybranch,556624335024,PANQE8261M,SBIN0000448,27PANQE8261M1Z1,112231136947,RaoUPBFC,Welcome@123,Welcome@123
2020.12.30.12.18.31,SD31164544,Subasgjgjses,dunga,lobe,Dubey,Pandey,ashish,abhishek,323M/43M/fbbfjs,Koramnagala, 5th cross,342352,Lee76781@hotmail.com,4498393921,Mybank,Mybranch,556666164814,PANQX3490P,SBIN0000449,27PANQX3490P1Z1,112276865751,ShaikPWREE,Welcome@123,Welcome@123
2020.12.30.12.19.14,SD31164544,Subaggsjr,dunga,lobe,Dubey,Pandey,ashish,abhishek,323M/43M/fbbfjs,Koramnagala, 5th cross,342352,Ping80506@bt.com,4464553475,Mybank,Mybranch,556622237737,PANQL4068V,SBIN0000450,27PANQL4068V1Z1,112292857589,LeeKCBVH,Welcome@123,Welcome@123
2020.12.30.12.19.58,SD31164544,Subafewhew,dunga,lobe,Dubey,Pandey,ashish,abhishek,323M/43M/fbbfjs,Koramnagala, 5th cross,342352,Khan92792@bt.com,4423908022,Mybank,Mybranch,556673292679,PANQQ9091B,SBIN0000451,27PANQQ9091B1Z1,112278851363,TimKIAIU,Welcome@123,Welcome@123
2020.12.30.12.20.42,SD31164544,Subhhhewr,dunga,lobe,Dubey,Pandey,ashish,abhishek,323M/43M/fbbfjs,Koramnagala, 5th cross,342352,Khan88457@hotmail.com,4418066910,Mybank,Mybranch,556634598779,PANQG6093Z,SBIN0000452,27PANQG6093Z1Z1,112268883322,AbdulEHZQO,Welcome@123,Welcome@123
2020.12.30.12.21.22,SD31164544,Sufiditghrr,dunga,lobe,Dubey,Pandey,ashish,abhishek,323M/43M/fbbfjs,Koramnagala, 5th cross,342352,Abdul37997@aol.com,4449643919,Mybank,Mybranch,556611846421,PANQU8626Q,SBIN0000453,27PANQU8626Q1Z1,112294719413,RaoQZRPJ,Welcome@123,Welcome@123
2020.12.30.12.22.03,SD31164544,Subhfdhijerrie,dunga,lobe,Dubey,Pandey,ashish,abhishek,323M/43M/fbbfjs,Koramnagala, 5th cross,342352,Anna66506@yahoo.co.uk,4412548223,Mybank,Mybranch,556610856677,PANQE5032L,SBIN0000454,27PANQE5032L1Z1,112287242954,KhanCIOSW,Welcome@123,Welcome@123
2020.12.30.12.22.47,SD31164544,Subhdhdtrrs,dunga,lobe,Dubey,Pandey,ashish,abhishek,323M/43M/fbbfjs,Koramnagala, 5th cross,342352,Bhai94602@gmail.com,4498932524,Mybank,Mybranch,556696812956,PANQF4259Y,SBIN0000455,27PANQF4259Y1Z1,112246978584,ChingCYWOS,Welcome@123,Welcome@123
2021.01.05.10.39.11,SD31164544,Subasfhfdh,dunga,lobe,Dubey,Pandey,ashish,abhishek,323M/43M/fbbfjs,Koramnagala, 5th cross,342352,Lee78021@yahoo.co.uk,4423745963,Mybank,Mybranch,556655067821,PANQN1503I,SBIN0000444,27PANQN1503I1Z1,112256747279,KimVVJDU,Welcome@123,Welcome@123
2021.01.05.10.40.06,SD31164544,Subashehhchr,dunga,lobe,Dubey,Pandey,ashish,abhishek,323M/43M/fbbfjs,Koramnagala, 5th cross,342352,Reddy56998@aol.com,4460695427,Mybank,Mybranch,556620139543,PANQC5619L,SBIN0000445,27PANQC5619L1Z1,112272177023,PingINLKU,Welcome@123,Welcome@123
2021.01.05.10.40.49,SD31164544,Subasrdhdhd,dunga,lobe,Dubey,Pandey,ashish,abhishek,323M/43M/fbbfjs,Koramnagala, 5th cross,342352,Tim45721@yahoo.co.uk,4472861515,Mybank,Mybranch,556621385381,PANQD3771C,SBIN0000446,27PANQD3771C1Z1,112249708584,LaamMGQSX,Welcome@123,Welcome@123
2021.01.05.12.44.26,SD31164544,Subasfhfdh,dunga,lobe,Dubey,Pandey,ashish,abhishek,323M/43M/fbbfjs,Koramnagala, 5th cross,342352,Bhai54576@live.com,4462281449,Mybank,Mybranch,556621477994,PANQP1274S,SBIN0000444,27PANQP1274S1Z1,112288293345,RaoQDIJQ,Welcome@123,Welcome@123
2021.01.05.12.45.11,SD31164544,Subashehhchr,dunga,lobe,Dubey,Pandey,ashish,abhishek,323M/43M/fbbfjs,Koramnagala, 5th cross,342352,Bhai23604@bt.com,4434548260,Mybank,Mybranch,556678787057,PANQW6428R,SBIN0000445,27PANQW6428R1Z1,112242187942,OsbornKHTQZ,Welcome@123,Welcome@123
2021.01.05.13.11.39,SD31164544,Subasfhfdh,dunga,lobe,Dubey,Pandey,ashish,abhishek,323M/43M/fbbfjs,Koramnagala, 5th cross,342352,Khan33740@live.com,4485454331,Mybank,Mybranch,556694223638,PANQO8846M,SBIN0000444,27PANQO8846M1Z1,112223748873,TimYIKKE,Welcome@123,Welcome@123
2021.01.05.13.12.28,SD31164544,Subashehhchr,dunga,lobe,Dubey,Pandey,ashish,abhishek,323M/43M/fbbfjs,Koramnagala, 5th cross,342352,Ping22553@hotmail.com,4460846768,Mybank,Mybranch,556649243787,PANQJ5893S,SBIN0000445,27PANQJ5893S1Z1,112236169605,ReddyWZTYG,Welcome@123,Welcome@123
2021.01.05.15.56.13,SD31164544,Subasfhfdh,dunga,lobe,Dubey,Pandey,ashish,abhishek,323M/43M/fbbfjs,Koramnagala, 5th cross,342352,Ping48026@live.com,4463836753,Mybank,Mybranch,556624509680,PANQD6129P,SBIN0000444,27PANQD6129P1Z1,112242323741,ChingQBBGX,Welcome@123,Welcome@123
2021.01.07.11.59.43,SD31164544,Subasfhfdh,dunga,lobe,Dubey,Pandey,ashish,abhishek,323M/43M/fbbfjs,Koramnagala, 5th cross,342352,Abdul17003@hotmail.com,4492339101,Mybank,Mybranch,556672323642,PANQZ8460Y,SBIN0000444,27PANQZ8460Y1Z1,112271193443,PingVUISD,Welcome@123,Welcome@123
2021.01.07.12.00.24,SD31164544,Subashehhchr,dunga,lobe,Dubey,Pandey,ashish,abhishek,323M/43M/fbbfjs,Koramnagala, 5th cross,342352,Ping44165@bt.com,4481184277,Mybank,Mybranch,556688389912,PANQK6143D,SBIN0000445,27PANQK6143D1Z1,112262699601,JohnKDBQK,Welcome@123,Welcome@123
2021.01.07.12.01.08,SD31164544,Subasrdhdhd,dunga,lobe,Dubey,Pandey,ashish,abhishek,323M/43M/fbbfjs,Koramnagala, 5th cross,342352,Bhai96379@gmail.com,4420024705,Mybank,Mybranch,556631111124,PANQT2243B,SBIN0000446,27PANQT2243B1Z1,112287293850,ReddyLGDOJ,Welcome@123,Welcome@123
2021.01.07.12.01.52,SD31164544,Subasherssjs,dunga,lobe,Dubey,Pandey,ashish,abhishek,323M/43M/fbbfjs,Koramnagala, 5th cross,342352,Green53647@aol.com,4423385881,Mybank,Mybranch,556639507407,PANQA9649M,SBIN0000447,27PANQA9649M1Z1,112292672668,ReddyYCVAH,Welcome@123,Welcome@123
2021.01.07.12.02.32,SD31164544,Subashgdgsjs,dunga,lobe,Dubey,Pandey,ashish,abhishek,323M/43M/fbbfjs,Koramnagala, 5th cross,342352,Reddy58736@aol.com,4410286798,Mybank,Mybranch,556613443476,PANQD5655F,SBIN0000448,27PANQD5655F1Z1,112284947142,KimPSCGI,Welcome@123,Welcome@123
2021.01.07.12.03.14,SD31164544,Subasgjgjses,dunga,lobe,Dubey,Pandey,ashish,abhishek,323M/43M/fbbfjs,Koramnagala, 5th cross,342352,Lee21615@hotmail.com,4443879142,Mybank,Mybranch,556665111778,PANQP2844P,SBIN0000449,27PANQP2844P1Z1,112291835010,KhanQCDFC,Welcome@123,Welcome@123
2021.01.07.12.03.54,SD31164544,Subaggsjr,dunga,lobe,Dubey,Pandey,ashish,abhishek,323M/43M/fbbfjs,Koramnagala, 5th cross,342352,Khan72601@gmail.com,4452966557,Mybank,Mybranch,556635543520,PANQD1997N,SBIN0000450,27PANQD1997N1Z1,112215935407,ShaikDNAEQ,Welcome@123,Welcome@123
2021.01.07.14.56.27,SD31164544,Subasfhfdh,dunga,lobe,Dubey,Pandey,ashish,abhishek,323M/43M/fbbfjs,Koramnagala, 5th cross,342352,Shaik53059@aol.com,4416111713,Mybank,Mybranch,556654443953,PANQL8430M,SBIN0000444,27PANQL8430M1Z1,112237063873,ChingAOEED,Welcome@123,Welcome@123
2021.01.07.14.57.11,SD31164544,Subashehhchr,dunga,lobe,Dubey,Pandey,ashish,abhishek,323M/43M/fbbfjs,Koramnagala, 5th cross,342352,Bhai85974@bt.com,4410223672,Mybank,Mybranch,556689225474,PANQF5424P,SBIN0000445,27PANQF5424P1Z1,112271321582,BhaiVJMEN,Welcome@123,Welcome@123
2021.01.07.14.57.55,SD31164544,Subasrdhdhd,dunga,lobe,Dubey,Pandey,ashish,abhishek,323M/43M/fbbfjs,Koramnagala, 5th cross,342352,Bhai95296@live.com,4414303749,Mybank,Mybranch,556617548624,PANQQ2791F,SBIN0000446,27PANQQ2791F1Z1,112247663369,GreenWCOUZ,Welcome@123,Welcome@123
2021.01.07.14.58.37,SD31164544,Subasherssjs,dunga,lobe,Dubey,Pandey,ashish,abhishek,323M/43M/fbbfjs,Koramnagala, 5th cross,342352,Reddy74742@live.com,4436694973,Mybank,Mybranch,556651665592,PANQR8413F,SBIN0000447,27PANQR8413F1Z1,112263054708,LeeLJBMI,Welcome@123,Welcome@123
2021.01.07.14.59.16,SD31164544,Subashgdgsjs,dunga,lobe,Dubey,Pandey,ashish,abhishek,323M/43M/fbbfjs,Koramnagala, 5th cross,342352,Rao91472@live.com,4426918320,Mybank,Mybranch,556637686658,PANQS6647B,SBIN0000448,27PANQS6647B1Z1,112217321315,KimLHYLC,Welcome@123,Welcome@123
2021.01.07.14.59.57,SD31164544,Subasgjgjses,dunga,lobe,Dubey,Pandey,ashish,abhishek,323M/43M/fbbfjs,Koramnagala, 5th cross,342352,Reddy74469@hotmail.com,4486169575,Mybank,Mybranch,556667482157,PANQZ6133Z,SBIN0000449,27PANQZ6133Z1Z1,112228412387,TimKIFQW,Welcome@123,Welcome@123
2021.01.07.15.00.37,SD31164544,Subaggsjr,dunga,lobe,Dubey,Pandey,ashish,abhishek,323M/43M/fbbfjs,Koramnagala, 5th cross,342352,Reddy77439@outlook.com,4410224479,Mybank,Mybranch,556673549769,PANQT1240K,SBIN0000450,27PANQT1240K1Z1,112222549777,LeeKDGYY,Welcome@123,Welcome@123
2021.01.07.15.01.20,SD31164544,Subafewhew,dunga,lobe,Dubey,Pandey,ashish,abhishek,323M/43M/fbbfjs,Koramnagala, 5th cross,342352,Laam17335@bt.com,4417582509,Mybank,Mybranch,556631232703,PANQL2594D,SBIN0000451,27PANQL2594D1Z1,112249586454,TimMBEBB,Welcome@123,Welcome@123
2021.01.07.15.02.04,SD31164544,Subhhhewr,dunga,lobe,Dubey,Pandey,ashish,abhishek,323M/43M/fbbfjs,Koramnagala, 5th cross,342352,Anna28590@gmail.com,4425417586,Mybank,Mybranch,556669716583,PANQO1757R,SBIN0000452,27PANQO1757R1Z1,112236549521,KhanFQMQM,Welcome@123,Welcome@123
2021.01.07.15.02.46,SD31164544,Sufiditghrr,dunga,lobe,Dubey,Pandey,ashish,abhishek,323M/43M/fbbfjs,Koramnagala, 5th cross,342352,Reddy59803@outlook.com,4467441589,Mybank,Mybranch,556621637971,PANQW5198T,SBIN0000453,27PANQW5198T1Z1,112290041707,TimLTWUN,Welcome@123,Welcome@123
2021.01.07.15.03.29,SD31164544,Subhfdhijerrie,dunga,lobe,Dubey,Pandey,ashish,abhishek,323M/43M/fbbfjs,Koramnagala, 5th cross,342352,Khan16171@aol.com,4428327021,Mybank,Mybranch,556677394728,PANQP9600V,SBIN0000454,27PANQP9600V1Z1,112278331346,KhanBFVGM,Welcome@123,Welcome@123
2021.01.07.15.04.15,SD31164544,Subhdhdtrrs,dunga,lobe,Dubey,Pandey,ashish,abhishek,323M/43M/fbbfjs,Koramnagala, 5th cross,342352,John99409@yahoo.co.uk,4419468850,Mybank,Mybranch,556633934633,PANQQ1373I,SBIN0000455,27PANQQ1373I1Z1,112278118329,PaajiGCQTN,Welcome@123,Welcome@123
2021.01.07.15.04.58,SD31164544,Subhdhdtrrs,dunga,lobe,Dubey,Pandey,ashish,abhishek,323M/43M/fbbfjs,Koramnagala, 5th cross,342352,Green17591@hotmail.com,4455498541,Mybank,Mybranch,556688767759,PANQG5038F,SBIN0000455,27PANQG5038F1Z1,112258209756,LaamUHOOR,Welcome@123,Welcome@123
2021.01.07.15.05.42,SD31164544,Subhdhdtrrs,dunga,lobe,Dubey,Pandey,ashish,abhishek,323M/43M/fbbfjs,Koramnagala, 5th cross,342352,Khan92869@gmail.com,4443048749,Mybank,Mybranch,556687511509,PANQH2115P,SBIN0000455,27PANQH2115P1Z1,112274839839,AbdulNVBUA,Welcome@123,Welcome@123
2021.01.07.15.06.22,SD31164544,Subhdhdtrrs,dunga,lobe,Dubey,Pandey,ashish,abhishek,323M/43M/fbbfjs,Koramnagala, 5th cross,342352,Tim77545@hotmail.com,4476669731,Mybank,Mybranch,556685586146,PANQZ8914S,SBIN0000455,27PANQZ8914S1Z1,112272518198,ShaikZFHVJ,Welcome@123,Welcome@123
2021.01.07.15.07.05,SD31164544,Subhdhdtrrs,dunga,lobe,Dubey,Pandey,ashish,abhishek,323M/43M/fbbfjs,Koramnagala, 5th cross,342352,Abdul75679@live.com,4473928138,Mybank,Mybranch,556661584541,PANQR3679O,SBIN0000455,27PANQR3679O1Z1,112255026547,ShaikJLIYL,Welcome@123,Welcome@123
2021.01.07.15.07.45,SD31164544,Subhdhdtrrs,dunga,lobe,Dubey,Pandey,ashish,abhishek,323M/43M/fbbfjs,Koramnagala, 5th cross,342352,Anna91695@gmail.com,4460361282,Mybank,Mybranch,556666522688,PANQF8416C,SBIN0000455,27PANQF8416C1Z1,112233238550,BhaiMTDTO,Welcome@123,Welcome@123
2021.01.07.15.08.24,SD31164544,Subhdhdtrrs,dunga,lobe,Dubey,Pandey,ashish,abhishek,323M/43M/fbbfjs,Koramnagala, 5th cross,342352,Shaik24276@bt.com,4435524055,Mybank,Mybranch,556636977315,PANQL1539Z,SBIN0000455,27PANQL1539Z1Z1,112235536389,KhanQGGZA,Welcome@123,Welcome@123
2021.01.07.15.09.06,SD31164544,Subhdhdtrrs,dunga,lobe,Dubey,Pandey,ashish,abhishek,323M/43M/fbbfjs,Koramnagala, 5th cross,342352,Abdul51277@aol.com,4425752573,Mybank,Mybranch,556635019822,PANQO2501P,SBIN0000455,27PANQO2501P1Z1,112272342825,PingXFPIX,Welcome@123,Welcome@123
2021.01.07.15.09.46,SD31164544,Subhdhdtrrs,dunga,lobe,Dubey,Pandey,ashish,abhishek,323M/43M/fbbfjs,Koramnagala, 5th cross,342352,Osborn95809@gmail.com,4450544920,Mybank,Mybranch,556685258712,PANQP3348K,SBIN0000455,27PANQP3348K1Z1,112226983800,JohnGSBZY,Welcome@123,Welcome@123
2021.01.07.15.10.29,SD31164544,Subhdhdtrrs,dunga,lobe,Dubey,Pandey,ashish,abhishek,323M/43M/fbbfjs,Koramnagala, 5th cross,342352,Kim80413@gmail.com,4432135462,Mybank,Mybranch,556637785804,PANQW1635A,SBIN0000455,27PANQW1635A1Z1,112243394160,AbdulJCMGD,Welcome@123,Welcome@123
2021.01.07.15.12.34,SD31164544,Subasfhfdh,dunga,lobe,Dubey,Pandey,ashish,abhishek,323M/43M/fbbfjs,Koramnagala, 5th cross,342352,Ping21532@yahoo.co.uk,4442372108,Mybank,Mybranch,556628538364,PANQD4822R,SBIN0000444,27PANQD4822R1Z1,112248911814,AbdulCXMUY,Welcome@123,Welcome@123
2021.01.07.15.14.23,SD31164544,Subasfhfdh,dunga,lobe,Dubey,Pandey,ashish,abhishek,323M/43M/fbbfjs,Koramnagala, 5th cross,342352,Khan70067@hotmail.com,4482781031,Mybank,Mybranch,556614107825,PANQM2169L,SBIN0000444,27PANQM2169L1Z1,112275334362,KimIRAOV,Welcome@123,Welcome@123
2021.01.07.15.15.04,SD31164544,Subashehhchr,dunga,lobe,Dubey,Pandey,ashish,abhishek,323M/43M/fbbfjs,Koramnagala, 5th cross,342352,Bhai82033@live.com,4436553263,Mybank,Mybranch,556645373257,PANQL5211G,SBIN0000445,27PANQL5211G1Z1,112266235775,LaamPQMPM,Welcome@123,Welcome@123
2021.01.07.15.15.41,SD31164544,Subasrdhdhd,dunga,lobe,Dubey,Pandey,ashish,abhishek,323M/43M/fbbfjs,Koramnagala, 5th cross,342352,Osborn18263@aol.com,4469739133,Mybank,Mybranch,556671134536,PANQF9050L,SBIN0000446,27PANQF9050L1Z1,112237072536,PaajiZWHKW,Welcome@123,Welcome@123
2021.01.07.15.16.25,SD31164544,Subasherssjs,dunga,lobe,Dubey,Pandey,ashish,abhishek,323M/43M/fbbfjs,Koramnagala, 5th cross,342352,Shaik94310@aol.com,4439399319,Mybank,Mybranch,556639008726,PANQM9568Y,SBIN0000447,27PANQM9568Y1Z1,112233124011,PingTIFYM,Welcome@123,Welcome@123
2021.01.07.15.17.54,SD31164544,Subasfhfdh,dunga,lobe,Dubey,Pandey,ashish,abhishek,323M/43M/fbbfjs,Koramnagala, 5th cross,342352,Anna44250@yahoo.co.uk,4425348549,Mybank,Mybranch,556635435341,PANQA2806J,SBIN0000444,27PANQA2806J1Z1,112226769388,RaoQWMDB,Welcome@123,Welcome@123
2021.01.07.15.18.37,SD31164544,Subashehhchr,dunga,lobe,Dubey,Pandey,ashish,abhishek,323M/43M/fbbfjs,Koramnagala, 5th cross,342352,Osborn24198@live.com,4450103080,Mybank,Mybranch,556612721819,PANQD2205J,SBIN0000445,27PANQD2205J1Z1,112223953942,AbdulWUDRB,Welcome@123,Welcome@123
2021.01.07.15.19.21,SD31164544,Subasrdhdhd,dunga,lobe,Dubey,Pandey,ashish,abhishek,323M/43M/fbbfjs,Koramnagala, 5th cross,342352,Shaik77171@hotmail.com,4461518781,Mybank,Mybranch,556622262770,PANQJ7532A,SBIN0000446,27PANQJ7532A1Z1,112244094201,LaamEWSWQ,Welcome@123,Welcome@123
2021.01.07.15.20.01,SD31164544,Subasherssjs,dunga,lobe,Dubey,Pandey,ashish,abhishek,323M/43M/fbbfjs,Koramnagala, 5th cross,342352,Kim15224@outlook.com,4424758588,Mybank,Mybranch,556622481893,PANQL2188P,SBIN0000447,27PANQL2188P1Z1,112249147692,OsbornWTBHQ,Welcome@123,Welcome@123
2021.01.07.15.20.38,SD31164544,Subashgdgsjs,dunga,lobe,Dubey,Pandey,ashish,abhishek,323M/43M/fbbfjs,Koramnagala, 5th cross,342352,Shaik86102@yahoo.co.uk,4429876310,Mybank,Mybranch,556643116816,PANQM7480A,SBIN0000448,27PANQM7480A1Z1,112264907105,PaajiDOKJA,Welcome@123,Welcome@123
2021.01.07.15.21.21,SD31164544,Subasgjgjses,dunga,lobe,Dubey,Pandey,ashish,abhishek,323M/43M/fbbfjs,Koramnagala, 5th cross,342352,Kim20914@outlook.com,4466824229,Mybank,Mybranch,556622895213,PANQN4869A,SBIN0000449,27PANQN4869A1Z1,112227345864,KhanQGOCW,Welcome@123,Welcome@123
2021.01.07.15.22.05,SD31164544,Subaggsjr,dunga,lobe,Dubey,Pandey,ashish,abhishek,323M/43M/fbbfjs,Koramnagala, 5th cross,342352,Ching65134@outlook.com,4486461560,Mybank,Mybranch,556686071226,PANQN9070J,SBIN0000450,27PANQN9070J1Z1,112298218206,ReddyCGIFP,Welcome@123,Welcome@123
2021.01.07.16.04.32,SD85010942,Subasfhfdh,dunga,lobe,Dubey,Pandey,ashish,abhishek,323M/43M/fbbfjs,Koramnagala, 5th cross,342352,Reddy67845@aol.com,4432804203,Mybank,Mybranch,556636829777,PANQX3557W,SBIN0000444,27PANQX3557W1Z1,112232035928,KimOWBTF,Welcome@123,Welcome@123
2021.01.07.16.12.32,SD48414257,Subasfhfdh,dunga,lobe,Dubey,Pandey,ashish,abhishek,323M/43M/fbbfjs,Koramnagala, 5th cross,342352,Tim95866@bt.com,4491432171,Mybank,Mybranch,556613255956,PANQT9627R,SBIN0000444,27PANQT9627R1Z1,112219523610,PaajiJWCGY,Welcome@123,Welcome@123
2021.01.07.16.13.20,SD48414257,Subasfhfdh,dunga,lobe,Dubey,Pandey,ashish,abhishek,323M/43M/fbbfjs,Koramnagala, 5th cross,342352,Ching94805@yahoo.co.uk,4488129862,Mybank,Mybranch,556675702513,PANQT5276Q,SBIN0000444,27PANQT5276Q1Z1,112296875807,KimYRZAS,Welcome@123,Welcome@123
2021.01.07.16.14.07,SD48414257,Subasfhfdh,dunga,lobe,Dubey,Pandey,ashish,abhishek,323M/43M/fbbfjs,Koramnagala, 5th cross,342352,Kim20700@aol.com,4417226956,Mybank,Mybranch,556614877792,PANQX5836S,SBIN0000444,27PANQX5836S1Z1,112264424927,JohnFZVLP,Welcome@123,Welcome@123
2021.01.07.16.14.55,SD48414257,Subasfhfdh,dunga,lobe,Dubey,Pandey,ashish,abhishek,323M/43M/fbbfjs,Koramnagala, 5th cross,342352,Ching96582@gmail.com,4473084729,Mybank,Mybranch,556667306233,PANQP5706M,SBIN0000444,27PANQP5706M1Z1,112263973029,RaoOSJJG,Welcome@123,Welcome@123
2021.01.07.16.15.40,SD48414257,Subasfhfdh,dunga,lobe,Dubey,Pandey,ashish,abhishek,323M/43M/fbbfjs,Koramnagala, 5th cross,342352,Reddy62173@yahoo.co.uk,4477069331,Mybank,Mybranch,556636373476,PANQR8699Q,SBIN0000444,27PANQR8699Q1Z1,112238558664,LeeHAYNO,Welcome@123,Welcome@123
2021.01.07.16.16.26,SD48414257,Subasfhfdh,dunga,lobe,Dubey,Pandey,ashish,abhishek,323M/43M/fbbfjs,Koramnagala, 5th cross,342352,Shaik62173@hotmail.com,4489053081,Mybank,Mybranch,556637229797,PANQG9305R,SBIN0000444,27PANQG9305R1Z1,112235833002,KimZZRFP,Welcome@123,Welcome@123
2021.01.07.16.17.14,SD48414257,Subasfhfdh,dunga,lobe,Dubey,Pandey,ashish,abhishek,323M/43M/fbbfjs,Koramnagala, 5th cross,342352,Abdul81972@yahoo.co.uk,4467788867,Mybank,Mybranch,556642785350,PANQI8004C,SBIN0000444,27PANQI8004C1Z1,112227965584,GreenKKHWE,Welcome@123,Welcome@123
2021.01.07.16.18.01,SD48414257,Subasfhfdh,dunga,lobe,Dubey,Pandey,ashish,abhishek,323M/43M/fbbfjs,Koramnagala, 5th cross,342352,Ping14484@outlook.com,4415975291,Mybank,Mybranch,556693411638,PANQK4995L,SBIN0000444,27PANQK4995L1Z1,112277501166,GreenHMOKO,Welcome@123,Welcome@123
2021.01.07.16.18.45,SD48414257,Subasfhfdh,dunga,lobe,Dubey,Pandey,ashish,abhishek,323M/43M/fbbfjs,Koramnagala, 5th cross,342352,Khan84421@live.com,4412116901,Mybank,Mybranch,556688162913,PANQN2472V,SBIN0000444,27PANQN2472V1Z1,112266321331,TimEOOPD,Welcome@123,Welcome@123
2021.01.07.16.19.30,SD48414257,Subasfhfdh,dunga,lobe,Dubey,Pandey,ashish,abhishek,323M/43M/fbbfjs,Koramnagala, 5th cross,342352,Green52547@live.com,4442722322,Mybank,Mybranch,556622776437,PANQA4605M,SBIN0000444,27PANQA4605M1Z1,112285506775,AbdulEZPWH,Welcome@123,Welcome@123
2021.01.07.16.20.17,SD48414257,Subasfhfdh,dunga,lobe,Dubey,Pandey,ashish,abhishek,323M/43M/fbbfjs,Koramnagala, 5th cross,342352,Rao73944@yahoo.co.uk,4443652718,Mybank,Mybranch,556691575383,PANQY1548U,SBIN0000444,27PANQY1548U1Z1,112222917065,ReddyMWKRV,Welcome@123,Welcome@123
2021.01.07.16.21.06,SD48414257,Subasfhfdh,dunga,lobe,Dubey,Pandey,ashish,abhishek,323M/43M/fbbfjs,Koramnagala, 5th cross,342352,Tim53365@hotmail.com,4481768512,Mybank,Mybranch,556664181206,PANQC9456K,SBIN0000444,27PANQC9456K1Z1,112218168655,OsbornMITCG,Welcome@123,Welcome@123
2021.01.07.16.21.52,SD48414257,Subasfhfdh,dunga,lobe,Dubey,Pandey,ashish,abhishek,323M/43M/fbbfjs,Koramnagala, 5th cross,342352,Laam30696@hotmail.com,4416632759,Mybank,Mybranch,556692524707,PANQP9779H,SBIN0000444,27PANQP9779H1Z1,112236189251,RaoYMAUP,Welcome@123,Welcome@123
2021.01.07.16.22.40,SD48414257,Subasfhfdh,dunga,lobe,Dubey,Pandey,ashish,abhishek,323M/43M/fbbfjs,Koramnagala, 5th cross,342352,Bhai43501@aol.com,4462945986,Mybank,Mybranch,556610761365,PANQV3152R,SBIN0000444,27PANQV3152R1Z1,112234953630,KimICIIN,Welcome@123,Welcome@123
2021.01.07.16.23.24,SD48414257,Subasfhfdh,dunga,lobe,Dubey,Pandey,ashish,abhishek,323M/43M/fbbfjs,Koramnagala, 5th cross,342352,Osborn39635@live.com,4491982262,Mybank,Mybranch,556644804791,PANQM2875V,SBIN0000444,27PANQM2875V1Z1,112244874145,KhanTRLKS,Welcome@123,Welcome@123
2021.01.07.16.24.12,SD48414257,Subasfhfdh,dunga,lobe,Dubey,Pandey,ashish,abhishek,323M/43M/fbbfjs,Koramnagala, 5th cross,342352,Ching95045@hotmail.com,4479986532,Mybank,Mybranch,556652748598,PANQO5514C,SBIN0000444,27PANQO5514C1Z1,112294194169,AbdulVNBRO,Welcome@123,Welcome@123
2021.01.07.16.25.00,SD48414257,Subasfhfdh,dunga,lobe,Dubey,Pandey,ashish,abhishek,323M/43M/fbbfjs,Koramnagala, 5th cross,342352,Osborn60062@yahoo.co.uk,4453877046,Mybank,Mybranch,556625675203,PANQC6470I,SBIN0000444,27PANQC6470I1Z1,112231517980,JohnKWSBM,Welcome@123,Welcome@123
2021.01.07.16.25.47,SD48414257,Subasfhfdh,dunga,lobe,Dubey,Pandey,ashish,abhishek,323M/43M/fbbfjs,Koramnagala, 5th cross,342352,Laam41405@yahoo.co.uk,4463881983,Mybank,Mybranch,556659489352,PANQW6073Z,SBIN0000444,27PANQW6073Z1Z1,112211315299,JohnOJHXM,Welcome@123,Welcome@123
2021.01.07.16.26.35,SD48414257,Subasfhfdh,dunga,lobe,Dubey,Pandey,ashish,abhishek,323M/43M/fbbfjs,Koramnagala, 5th cross,342352,Anna71494@yahoo.co.uk,4424407330,Mybank,Mybranch,556684309804,PANQW9614K,SBIN0000444,27PANQW9614K1Z1,112254053145,AbdulFGWKZ,Welcome@123,Welcome@123
2021.01.08.11.15.01,SD68639050,Subasfhfdh,dunga,lobe,Dubey,Pandey,ashish,abhishek,323M/43M/fbbfjs,Koramnagala, 5th cross,342352,Kim27846@bt.com,4486263182,Mybank,Mybranch,556625369500,PANQH2343Z,SBIN0000444,27PANQH2343Z1Z1,112238932748,ShaikCOGIO,Welcome@123,Welcome@123
2021.01.08.11.15.45,SD68639050,Subasfhfdh,dunga,lobe,Dubey,Pandey,ashish,abhishek,323M/43M/fbbfjs,Koramnagala, 5th cross,342352,Abdul73681@aol.com,4450311238,Mybank,Mybranch,556648183541,PANQT9529Y,SBIN0000444,27PANQT9529Y1Z1,112247911538,AbdulNBQMK,Welcome@123,Welcome@123
2021.01.08.11.16.30,SD68639050,Subasfhfdh,dunga,lobe,Dubey,Pandey,ashish,abhishek,323M/43M/fbbfjs,Koramnagala, 5th cross,342352,Laam37694@hotmail.com,4421996850,Mybank,Mybranch,556681564421,PANQY6607C,SBIN0000444,27PANQY6607C1Z1,112252071310,RaoYJMAX,Welcome@123,Welcome@123
2021.01.08.11.17.12,SD68639050,Subasfhfdh,dunga,lobe,Dubey,Pandey,ashish,abhishek,323M/43M/fbbfjs,Koramnagala, 5th cross,342352,Bhai96284@live.com,4440219942,Mybank,Mybranch,556668091334,PANQQ9208M,SBIN0000444,27PANQQ9208M1Z1,112270972856,RaoJHLXU,Welcome@123,Welcome@123
2021.01.08.11.25.17,SD97564474,Subasfhfdh,dunga,lobe,Dubey,Pandey,ashish,abhishek,323M/43M/fbbfjs,Koramnagala, 5th cross,342352,Rao17780@yahoo.co.uk,4459699240,Mybank,Mybranch,556657335794,PANQB6961A,SBIN0000444,27PANQB6961A1Z1,112244201779,ReddyYHRCD,Welcome@123,Welcome@123
2021.01.08.11.29.01,SD61948863,Subasfhfdh,dunga,lobe,Dubey,Pandey,ashish,abhishek,323M/43M/fbbfjs,Koramnagala, 5th cross,342352,Osborn29449@yahoo.co.uk,4455729431,Mybank,Mybranch,556630042079,PANQQ7066I,SBIN0000444,27PANQQ7066I1Z1,112275975773,GreenIIBTW,Welcome@123,Welcome@123
2021.01.08.11.33.22,SD38034663,Subasfhfdh,dunga,lobe,Dubey,Pandey,ashish,abhishek,323M/43M/fbbfjs,Koramnagala, 5th cross,342352,Ching19826@yahoo.co.uk,4461152282,Mybank,Mybranch,556614026314,PANQX2994J,SBIN0000444,27PANQX2994J1Z1,112220086340,ShaikMPKIH,Welcome@123,Welcome@123
2021.01.08.11.36.55,SD24507985,Subasfhfdh,dunga,lobe,Dubey,Pandey,ashish,abhishek,323M/43M/fbbfjs,Koramnagala, 5th cross,342352,Rao72537@yahoo.co.uk,4471468854,Mybank,Mybranch,556613717198,PANQC1462I,SBIN0000444,27PANQC1462I1Z1,112259367785,OsbornGHQFN,Welcome@123,Welcome@123
2021.01.08.11.39.59,SD76355389,Subasfhfdh,dunga,lobe,Dubey,Pandey,ashish,abhishek,323M/43M/fbbfjs,Koramnagala, 5th cross,342352,Ching35201@live.com,4457772023,Mybank,Mybranch,556638224591,PANQP2838V,SBIN0000444,27PANQP2838V1Z1,112218226926,AbdulMWNWK,Welcome@123,Welcome@123
2021.01.08.11.43.18,SD58068081,Subasfhfdh,dunga,lobe,Dubey,Pandey,ashish,abhishek,323M/43M/fbbfjs,Koramnagala, 5th cross,342352,Abdul97772@live.com,4482375665,Mybank,Mybranch,556636758443,PANQM4077E,SBIN0000444,27PANQM4077E1Z1,112291399694,AnnaEWPQU,Welcome@123,Welcome@123
2021.01.29.17.49.33,SD48041653,Subasfhfdh,dunga,lobe,Dubey,Pandey,ashish,abhishek,323M/43M/fbbfjs,Koramnagala, 5th cross,342352,Laam83568@yahoo.co.uk,4489763634,Mybank,Mybranch,556664162437,PANQI7843R,SBIN0000444,27PANQI7843R1Z1,112222148879,LaamITHLB,Welcome@123,Welcome@123
2021.01.29.17.50.21,SD58068081,Subasfhfdh,dunga,lobe,Dubey,Pandey,ashish,abhishek,323M/43M/fbbfjs,Koramnagala, 5th cross,342352,Ping20465@gmail.com,4437362855,Mybank,Mybranch,556679532810,PANQQ9479R,SBIN0000444,27PANQQ9479R1Z1,112243585872,PaajiSEYYF,Welcome@123,Welcome@123
2021.01.29.17.51.04,SD97564474,Subasfhfdh,dunga,lobe,Dubey,Pandey,ashish,abhishek,323M/43M/fbbfjs,Koramnagala, 5th cross,342352,Osborn70786@bt.com,4490757870,Mybank,Mybranch,556689298790,PANQV1986A,SBIN0000444,27PANQV1986A1Z1,112220775456,BhaiJOBYS,Welcome@123,Welcome@123
2021.01.29.17.51.49,SD97564474,Subasfhfdh,dunga,lobe,Dubey,Pandey,ashish,abhishek,323M/43M/fbbfjs,Koramnagala, 5th cross,342352,Lee41204@live.com,4483995913,Mybank,Mybranch,556654931304,PANQP3707M,SBIN0000444,27PANQP3707M1Z1,112286554358,BhaiCMHGN,Welcome@123,Welcome@123
2021.02.03.12.59.25,SD66653355,Subasfhfdh,dunga,lobe,Dubey,Pandey,ashish,abhishek,323M/43M/fbbfjs,Koramnagala, 5th cross,342352,Khan82736@bt.com,4490541462,Mybank,Mybranch,556628936078,PANQR8275F,SBIN0000444,27PANQR8275F1Z1,112270696229,BhaiYXUKA,Welcome@123,Welcome@123
2021.02.03.13.05.27,SD66653355,Subasfhfdh,dunga,lobe,Dubey,Pandey,ashish,abhishek,323M/43M/fbbfjs,Koramnagala, 5th cross,342352,Tim26971@hotmail.com,4452311633,Mybank,Mybranch,556682702286,PANQZ9303W,SBIN0000444,27PANQZ9303W1Z1,112219808454,GreenNJWRD,Welcome@123,Welcome@123
2021.02.03.13.06.27,SD66653355,Subasfhfdh,dunga,lobe,Dubey,Pandey,ashish,abhishek,323M/43M/fbbfjs,Koramnagala, 5th cross,342352,Ching40642@live.com,4422523537,Mybank,Mybranch,556620638005,PANQB5069A,SBIN0000444,27PANQB5069A1Z1,112262407529,JohnWDVXL,Welcome@123,Welcome@123
2021.02.03.16.03.47,SD70346473,Subasfhfdh,dunga,lobe,Dubey,Pandey,ashish,abhishek,323M/43M/fbbfjs,Koramnagala, 5th cross,342352,Reddy76854@live.com,4483975759,Mybank,Mybranch,556665052911,PANQX3521B,SBIN0000444,27PANQX3521B1Z1,112290617017,BhaiOYKRG,Welcome@123,Welcome@123
2021.02.03.16.04.42,SD70346473,Subasfhfdh,dunga,lobe,Dubey,Pandey,ashish,abhishek,323M/43M/fbbfjs,Koramnagala, 5th cross,342352,Shaik63519@aol.com,4433741523,Mybank,Mybranch,556681987898,PANQY9811F,SBIN0000444,27PANQY9811F1Z1,112213906127,GreenYNAGH,Welcome@123,Welcome@123
2021.02.03.16.05.34,SD70346473,Subasfhfdh,dunga,lobe,Dubey,Pandey,ashish,abhishek,323M/43M/fbbfjs,Koramnagala, 5th cross,342352,Lee43010@bt.com,4466367576,Mybank,Mybranch,556640222411,PANQZ9736V,SBIN0000444,27PANQZ9736V1Z1,112278988670,LaamEJUPE,Welcome@123,Welcome@123
2021.02.03.16.06.22,SD70346473,Subasfhfdh,dunga,lobe,Dubey,Pandey,ashish,abhishek,323M/43M/fbbfjs,Koramnagala, 5th cross,342352,Kim24816@bt.com,4472271236,Mybank,Mybranch,556653086031,PANQK6936K,SBIN0000444,27PANQK6936K1Z1,112258652100,OsbornPMXWF,Welcome@123,Welcome@123
2021.02.03.16.07.10,SD70346473,Subasfhfdh,dunga,lobe,Dubey,Pandey,ashish,abhishek,323M/43M/fbbfjs,Koramnagala, 5th cross,342352,Reddy51250@live.com,4495027285,Mybank,Mybranch,556643528951,PANQI1718S,SBIN0000444,27PANQI1718S1Z1,112299509384,RaoTYOWL,Welcome@123,Welcome@123
2021.02.03.17.35.14,SD19387285,Subasfhfdh,dunga,lobe,Dubey,Pandey,ashish,abhishek,323M/43M/fbbfjs,Koramnagala, 5th cross,342352,Shaik99381@outlook.com,4419175493,Mybank,Mybranch,556626454477,PANQM9479P,SBIN0000444,27PANQM9479P1Z1,112288716635,AbdulGWJXT,Welcome@123,Welcome@123
2021.02.03.17.36.04,SD19387285,Subasfhfdh,dunga,lobe,Dubey,Pandey,ashish,abhishek,323M/43M/fbbfjs,Koramnagala, 5th cross,342352,Khan58460@bt.com,4498363915,Mybank,Mybranch,556651409734,PANQS6707V,SBIN0000444,27PANQS6707V1Z1,112231027955,KhanFRBFA,Welcome@123,Welcome@123
2021.02.03.18.07.34,SD90232039,Subasfhfdh,dunga,lobe,Dubey,Pandey,ashish,abhishek,323M/43M/fbbfjs,Koramnagala, 5th cross,342352,John71643@bt.com,4432408520,Mybank,Mybranch,556682154594,PANQO8913Y,SBIN0000444,27PANQO8913Y1Z1,112298028303,JohnPAOKS,Welcome@123,Welcome@123
2021.02.03.18.08.25,SD90232039,Subasfhfdh,dunga,lobe,Dubey,Pandey,ashish,abhishek,323M/43M/fbbfjs,Koramnagala, 5th cross,342352,Tim25241@yahoo.co.uk,4478895842,Mybank,Mybranch,556669639777,PANQO8677E,SBIN0000444,27PANQO8677E1Z1,112231761134,KimJIETN,Welcome@123,Welcome@123
